,index,extracted_idx,original_idx,match_strength,match_group,IDENTIFIER: Reference ID_original,FORMULA_original,PROPERTY: Microstructure_original,PROPERTY: Processing method_original,PROPERTY: BCC/FCC/other_original,PROPERTY: grain size ($\mu$m)_original,PROPERTY: Exp. Density (g/cm$^3$)_original,PROPERTY: Computed Density (g/cm$^3$)_original,PROPERTY: HV_original,PROPERTY: Type of test_original,PROPERTY: Test temperature ($^\circ$C)_original,PROPERTY: YS (MPa)_original,PROPERTY: UTS (MPa)_original,PROPERTY: Elongation (%)_original,PROPERTY: Elongation plastic (%)_original,PROPERTY: Exp. Young modulus (GPa)_original,PROPERTY: Computed Young modulus (GPa)_original,PROPERTY: O content (wppm)_original,PROPERTY: N content (wppm)_original,PROPERTY: C content (wppm)_original,REFERENCE: doi_original,REFERENCE: year_original,REFERENCE: title_original,processed_doi_original,normalized_formula_original,FORMULA_extracted,PROPERTY: YS (MPa)_extracted,PROPERTY: grain size ($\mu$m)_extracted,PROPERTY: Exp. Density (g/cm$^3$)_extracted,PROPERTY: HV_extracted,PROPERTY: Test temperature ($^\circ$C)_extracted,PROPERTY: UTS (MPa)_extracted,PROPERTY: Elongation (%)_extracted,PROPERTY: Elongation plastic (%)_extracted,PROPERTY: Microstructure_extracted,PROPERTY: Processing method_extracted,PROPERTY: BCC/FCC/other_extracted,PROPERTY: Type of test_extracted,PROPERTY: Exp. Young modulus (GPa)_extracted,PROPERTY: O content (wppm)_extracted,PROPERTY: N content (wppm)_extracted,PROPERTY: C content (wppm)_extracted,REFERENCE: doi_extracted,normalized_formula_extracted
6,0,370.0,823.0,0.5,10.1002.adem.202100765,5.0,Mo0.25 Re0.25 Ta0.25 W0.25,BCC,CAST,BCC,,,16.8,,C,1600.0,172.0,,,,,347.0,,,,10.1002/adem.202100765,2021.0,WReTaMo Refractory Highâ€Entropy Alloy with High Strength at 1600â€‰Â°C,10.1002.adem.202100765,Mo0.25Re0.25Ta0.25W0.25,WReTaMo,172.0,0.0,0.0,654.0,1600.0,244.0,25.0,0.0,single-phase body-centered cubic (BCC),arc melting,BCC,compressive,0.0,0.0,0.0,0.0,10.1002.adem.202100765,Mo0.25Re0.25Ta0.25W0.25
18,0,43.0,639.0,0.25,10.1007.s00339-019-2484-1,15.0,Hf0.333 Ti0.333 Zr0.333,Other,CAST,other,,,8.1,211.0,C,25.0,773.0,,17.0,,,87.0,,,,10.1007/s00339-019-2484-1,2019.0,Effect of Sc and Y addition on the microstructure and properties of HCP-structured high-entropy alloys,10.1007.s00339-019-2484-1,Hf0.333Ti0.333Zr0.333,TiZrHf,773.0,0.0,0.0,211.0,0.0,1184.0,17.0,0.0,HCP,,HCP,,0.0,0.0,0.0,0.0,10.1007.s00339-019-2484-1,Hf0.333Ti0.333Zr0.333
19,1,44.0,621.0,0.25,10.1007.s00339-019-2484-1,15.0,Hf0.25 Sc0.25 Ti0.25 Zr0.25,Other,CAST,other,,,6.8,233.0,C,25.0,1001.0,,21.9,,,84.0,,,,10.1007/s00339-019-2484-1,2019.0,Effect of Sc and Y addition on the microstructure and properties of HCP-structured high-entropy alloys,10.1007.s00339-019-2484-1,Hf0.25Sc0.25Ti0.25Zr0.25,TiZrHfSc,1001.0,0.0,0.0,233.0,0.0,1800.0,21.9,0.0,dual HCP,,HCP,,0.0,0.0,0.0,0.0,10.1007.s00339-019-2484-1,Hf0.25Sc0.25Ti0.25Zr0.25
20,2,45.0,625.0,0.25,10.1007.s00339-019-2484-1,15.0,Hf0.25 Ti0.25 Y0.25 Zr0.25,Other,CAST,other,,,7.2,241.0,C,25.0,554.0,,17.7,,,82.0,,,,10.1007/s00339-019-2484-1,2019.0,Effect of Sc and Y addition on the microstructure and properties of HCP-structured high-entropy alloys,10.1007.s00339-019-2484-1,Hf0.25Ti0.25Y0.25Zr0.25,TiZrHfY,554.0,0.0,0.0,241.0,0.0,1071.0,17.7,0.0,HCP + electride,,HCP,,0.0,0.0,0.0,0.0,10.1007.s00339-019-2484-1,Hf0.25Ti0.25Y0.25Zr0.25
21,3,46.0,569.0,0.25,10.1007.s00339-019-2484-1,15.0,Hf0.2 Sc0.2 Ti0.2 Y0.2 Zr0.2,Other,CAST,other,,,6.4,256.0,C,25.0,793.0,,15.7,,,80.0,,,,10.1007/s00339-019-2484-1,2019.0,Effect of Sc and Y addition on the microstructure and properties of HCP-structured high-entropy alloys,10.1007.s00339-019-2484-1,Hf0.2Sc0.2Ti0.2Y0.2Zr0.2,TiZrHfScY,793.0,0.0,0.0,256.0,0.0,1365.0,15.7,0.0,dual HCP + electride,,HCP,,0.0,0.0,0.0,0.0,10.1007.s00339-019-2484-1,Hf0.2Sc0.2Ti0.2Y0.2Zr0.2
26,0,630.0,465.0,0.375,10.1007.s10853-012-6260-2,53.0,Hf0.2 Nb0.2 Ta0.2 Ti0.2 Zr0.2,BCC,OTHER,BCC,,,9.9,,C,25.0,929.0,,50.0,,,111.0,,,,10.1007/s10853-012-6260-2,2012.0,Microstructure and elevated temperature properties of a refractory TaNbHfZrTi alloy,10.1007.s10853-012-6260-2,Hf0.2Nb0.2Ta0.2Ti0.2Zr0.2,Ta 20 Nb 20 Hf 20 Zr 20 Ti 20,929.0,150.0,9.94,0.0,296.0,0.0,50.0,0.0,single-phase body-centered cubic,"vacuum arc melting, hot isostatically pressed (HIPd) and homogenized",BCC,compression,0.0,0.0,0.0,0.0,10.1007.s10853-012-6260-2,Hf0.2Nb0.2Ta0.2Ti0.2Zr0.2
35,0,380.0,478.0,0.5,10.1007.s11661-018-4646-8,33.0,Hf0.2 Nb0.2 Ta0.2 Ti0.2 Zr0.2,BCC,OTHER,BCC,,,9.9,,T,25.0,1438.0,,,,91.5,111.0,,,,10.1007/s11661-018-4646-8,2018.0,Effect of Cold Deformation and Annealing on the Microstructure and Tensile Properties of a HfNbTaTiZr Refractory High Entropy Alloy,10.1007.s11661-018-4646-8,Hf0.2Nb0.2Ta0.2Ti0.2Zr0.2,HfNbTaTiZr,1438.0,24.4,0.0,0.0,0.0,1495.0,5.0,0.0,BCC,cold-rolled and annealed,BCC,tensile,91.5,0.0,0.0,0.0,10.1007.s11661-018-4646-8,Hf0.2Nb0.2Ta0.2Ti0.2Zr0.2
36,1,382.0,471.0,0.25,10.1007.s11661-018-4646-8,33.0,Hf0.2 Nb0.2 Ta0.2 Ti0.2 Zr0.2,BCC,OTHER,BCC,,,9.9,,T,25.0,1159.0,,,,99.2,111.0,,,,10.1007/s11661-018-4646-8,2018.0,Effect of Cold Deformation and Annealing on the Microstructure and Tensile Properties of a HfNbTaTiZr Refractory High Entropy Alloy,10.1007.s11661-018-4646-8,Hf0.2Nb0.2Ta0.2Ti0.2Zr0.2,HfNbTaTiZr,1159.0,0.0,0.0,0.0,800.0,1174.0,0.047,0.0,,"800 °C, 4 h",,Tensile,0.0,0.0,0.0,0.0,10.1007.s11661-018-4646-8,Hf0.2Nb0.2Ta0.2Ti0.2Zr0.2
37,2,383.0,472.0,0.25,10.1007.s11661-018-4646-8,33.0,Hf0.2 Nb0.2 Ta0.2 Ti0.2 Zr0.2,BCC,OTHER,BCC,,,9.9,,T,25.0,1134.0,,,,109.1,111.0,,,,10.1007/s11661-018-4646-8,2018.0,Effect of Cold Deformation and Annealing on the Microstructure and Tensile Properties of a HfNbTaTiZr Refractory High Entropy Alloy,10.1007.s11661-018-4646-8,Hf0.2Nb0.2Ta0.2Ti0.2Zr0.2,HfNbTaTiZr,1134.0,0.0,0.0,0.0,800.0,1165.0,0.076,0.0,,"800 °C, 16 h",,Tensile,0.0,0.0,0.0,0.0,10.1007.s11661-018-4646-8,Hf0.2Nb0.2Ta0.2Ti0.2Zr0.2
38,3,384.0,476.0,0.25,10.1007.s11661-018-4646-8,33.0,Hf0.2 Nb0.2 Ta0.2 Ti0.2 Zr0.2,BCC,OTHER,BCC,,,9.9,,T,25.0,1094.0,,,,105.3,111.0,,,,10.1007/s11661-018-4646-8,2018.0,Effect of Cold Deformation and Annealing on the Microstructure and Tensile Properties of a HfNbTaTiZr Refractory High Entropy Alloy,10.1007.s11661-018-4646-8,Hf0.2Nb0.2Ta0.2Ti0.2Zr0.2,HfNbTaTiZr,1094.0,0.0,0.0,0.0,800.0,1110.0,0.06,0.0,,"800 °C, 64 h",,Tensile,0.0,0.0,0.0,0.0,10.1007.s11661-018-4646-8,Hf0.2Nb0.2Ta0.2Ti0.2Zr0.2
39,4,385.0,477.0,0.25,10.1007.s11661-018-4646-8,33.0,Hf0.2 Nb0.2 Ta0.2 Ti0.2 Zr0.2,BCC,OTHER,BCC,,,9.9,,T,25.0,1071.0,,,,91.6,111.0,,,,10.1007/s11661-018-4646-8,2018.0,Effect of Cold Deformation and Annealing on the Microstructure and Tensile Properties of a HfNbTaTiZr Refractory High Entropy Alloy,10.1007.s11661-018-4646-8,Hf0.2Nb0.2Ta0.2Ti0.2Zr0.2,HfNbTaTiZr,1071.0,0.0,0.0,0.0,800.0,1074.0,0.046,0.0,,"800 °C, 256 h",,Tensile,0.0,0.0,0.0,0.0,10.1007.s11661-018-4646-8,Hf0.2Nb0.2Ta0.2Ti0.2Zr0.2
40,5,386.0,475.0,0.25,10.1007.s11661-018-4646-8,33.0,Hf0.2 Nb0.2 Ta0.2 Ti0.2 Zr0.2,BCC,OTHER,BCC,24.4,,9.9,,T,25.0,1107.0,,,,92.6,111.0,,,,10.1007/s11661-018-4646-8,2018.0,Effect of Cold Deformation and Annealing on the Microstructure and Tensile Properties of a HfNbTaTiZr Refractory High Entropy Alloy,10.1007.s11661-018-4646-8,Hf0.2Nb0.2Ta0.2Ti0.2Zr0.2,HfNbTaTiZr,1107.0,0.0,0.0,0.0,1100.0,1159.0,0.139,0.0,,"1100 °C, 0.5 h",,Tensile,0.0,0.0,0.0,0.0,10.1007.s11661-018-4646-8,Hf0.2Nb0.2Ta0.2Ti0.2Zr0.2
41,6,387.0,473.0,0.25,10.1007.s11661-018-4646-8,33.0,Hf0.2 Nb0.2 Ta0.2 Ti0.2 Zr0.2,BCC,OTHER,BCC,31.3,,9.9,,T,25.0,1115.0,,,,92.6,111.0,,,,10.1007/s11661-018-4646-8,2018.0,Effect of Cold Deformation and Annealing on the Microstructure and Tensile Properties of a HfNbTaTiZr Refractory High Entropy Alloy,10.1007.s11661-018-4646-8,Hf0.2Nb0.2Ta0.2Ti0.2Zr0.2,HfNbTaTiZr,1115.0,0.0,0.0,0.0,1100.0,1195.0,0.185,0.0,,"1100 °C, 1.0 h",,Tensile,0.0,0.0,0.0,0.0,10.1007.s11661-018-4646-8,Hf0.2Nb0.2Ta0.2Ti0.2Zr0.2
42,7,388.0,474.0,0.25,10.1007.s11661-018-4646-8,33.0,Hf0.2 Nb0.2 Ta0.2 Ti0.2 Zr0.2,BCC,OTHER,BCC,38.4,,9.9,,T,25.0,1114.0,,,,101.3,111.0,,,,10.1007/s11661-018-4646-8,2018.0,Effect of Cold Deformation and Annealing on the Microstructure and Tensile Properties of a HfNbTaTiZr Refractory High Entropy Alloy,10.1007.s11661-018-4646-8,Hf0.2Nb0.2Ta0.2Ti0.2Zr0.2,HfNbTaTiZr,1114.0,0.0,0.0,0.0,1100.0,1168.0,0.122,0.0,,"1100 °C, 2.0 h",,Tensile,0.0,0.0,0.0,0.0,10.1007.s11661-018-4646-8,Hf0.2Nb0.2Ta0.2Ti0.2Zr0.2
91,0,130.0,287.0,0.25,10.1007.s11837-020-04557-y,23.0,Cr0.2 Hf0.2 Nb0.2 Ta0.2 Ti0.2,BCC+BCC+Laves,CAST,other,,,10.0,,C,25.0,1258.0,,24.3,,,153.0,,,,10.1007/s11837-020-04557-y,2021.0,Microstructure and Mechanical Properties of a New Refractory Equiatomic CrHfNbTaTi High-Entropy Alloy,10.1007.s11837-020-04557-y,Cr0.2Hf0.2Nb0.2Ta0.2Ti0.2,CrHfNbTaTi,1258.0,0.0,0.0,0.0,0.0,0.0,24.3,0.0,one face-centered cubic (FCC) and two BCC phases,vacuum arc-melting,FCC/BCC,compression,0.0,0.0,0.0,0.0,10.1007.s11837-020-04557-y,Cr0.2Hf0.2Nb0.2Ta0.2Ti0.2
132,0,137.0,603.0,0.25,10.1016.j.actamat.2016.01.018,87.0,Hf0.25 Nb0.25 Ta0.25 Zr0.25,BCC,CAST,BCC,,,11.3,365.0,C,25.0,1315.0,1800.0,21.6,,,109.0,,,,10.1016/j.actamat.2016.01.018,2016.0,Structural-disorder and its effect on mechanical properties in single-phase TaNbHfZr high-entropy alloy,10.1016.j.actamat.2016.01.018,Hf0.25Nb0.25Ta0.25Zr0.25,TaNbHfZr,1315.0,0.0,0.0,3575.0,0.0,0.0,0.0,0.0,bcc,as-cast,bcc,compression,0.0,0.0,0.0,0.0,10.1016.j.actamat.2016.01.018,Hf0.25Nb0.25Ta0.25Zr0.25
133,1,138.0,604.0,0.25,10.1016.j.actamat.2016.01.018,87.0,Hf0.25 Nb0.25 Ta0.25 Zr0.25,BCC+HCP,ANNEAL,other,,,11.3,571.0,C,25.0,2310.0,,0.3,,,109.0,,,,10.1016/j.actamat.2016.01.018,2016.0,Structural-disorder and its effect on mechanical properties in single-phase TaNbHfZr high-entropy alloy,10.1016.j.actamat.2016.01.018,Hf0.25Nb0.25Ta0.25Zr0.25,TaNbHfZr,2310.0,0.0,0.0,0.0,0.0,0.0,0.0,0.0,"local disorder, SRCs, bcc average structure, minor hcp b phase",annealing,BCC/HCP,"compression, XRD, HRTEM",0.0,0.0,0.0,0.0,10.1016.j.actamat.2016.01.018,Hf0.25Nb0.25Ta0.25Zr0.25
152,0,509.0,486.0,0.25,10.1016.j.actamat.2017.09.062,82.0,Hf0.2 Nb0.2 Ta0.2 Ti0.2 Zr0.2,BCC,WROUGHT,BCC,,,9.9,,T,25.0,940.0,1080.0,,,,111.0,,,,10.1016/j.actamat.2017.09.062,2018.0,Study of a bcc multi-principal element alloy: Tensile and simple shear properties and underlying deformation mechanisms,10.1016.j.actamat.2017.09.062,Hf0.2Nb0.2Ta0.2Ti0.2Zr0.2,TiZrNbHfTa,940.0,0.0,0.0,0.0,0.0,0.0,15.0,0.0,recrystallized,,bcc,tensile,92.0,0.0,0.0,0.0,10.1016.j.actamat.2017.09.062,Hf0.2Nb0.2Ta0.2Ti0.2Zr0.2
157,0,283.0,875.0,0.5,10.1016.j.actamat.2018.08.053,2.0,Nb0.25 Ta0.25 Ti0.25 V0.25,BCC,ANNEAL,BCC,300.0,,9.0,,C,25.0,1273.0,,,,,134.0,,,,10.1016/j.actamat.2018.08.053,2018.0,Lattice distortion in a strong and ductile refractory high-entropy alloy,10.1016.j.actamat.2018.08.053,Nb0.25Ta0.25Ti0.25V0.25,NbTaTiV,1273.0,0.0,0.0,0.0,0.0,0.0,0.0,0.0,BCC,homogenized,BCC,compressive,0.0,0.0,0.0,0.0,10.1016.j.actamat.2018.08.053,Nb0.25Ta0.25Ti0.25V0.25
229,0,320.0,293.0,0.25,10.1016.j.ijrmhm.2014.07.009,70.0,Cr0.2 Hf0.2 Nb0.2 Ti0.2 Zr0.2,BCC+Laves,ANNEAL,other,,,8.0,,C,25.0,1322.0,1726.0,,,,129.0,,,,10.1016/j.ijrmhm.2014.07.009,2014.0,Experimental and theoretical study of Ti20Zr20Hf20Nb20X20 (X=V or Cr) refractory high-entropy alloys,10.1016.j.ijrmhm.2014.07.009,Cr0.2Hf0.2Nb0.2Ti0.2Zr0.2,Ti20Zr20Hf20Nb20Cr20,1322.0,0.0,0.0,0.0,0.0,0.0,4.0,0.0,BCC phase; Cr2Nb and Cr2Hf Laves phases,annealing,BCC,compression,0.0,0.0,0.0,0.0,10.1016.j.ijrmhm.2014.07.009,Cr0.2Hf0.2Nb0.2Ti0.2Zr0.2
250,0,288.0,280.0,0.375,10.1016.j.ijrmhm.2019.02.009,109.0,Cr0.12 Mo0.2 Nb0.42 Ta0.01 Ti0.13 V0.12,BCC+Sec.,POWDER,other,0.075,8.02,8.0,741.0,C,25.0,2680.0,,,,,176.0,,,,10.1016/j.ijrmhm.2019.02.009,2019.0,"Fabrication, microstructure and mechanical property of a novel Nb-rich refractory high-entropy alloy strengthened by in-situ formation of dispersoids",10.1016.j.ijrmhm.2019.02.009,Cr0.12Mo0.2Nb0.42Ta0.01Ti0.13V0.12,Nb 42 Mo 20 Ti 13 Cr 12 V 12 Ta 1,2680.0,347.0,8.02,741.0,25.0,3896.0,5.2,0.0,BCC solid solution phase with nano-sized TiC dispersoids,High-energy ball milling and spark plasma sintering (SPS),BCC,Compression,0.0,0.0,0.0,0.0,10.1016.j.ijrmhm.2019.02.009,Cr0.12Mo0.2Nb0.42Ta0.01Ti0.13V0.12
253,0,103.0,107.0,0.375,10.1016.j.ijrmhm.2019.105132,12.0,Al0.125 Nb0.25 Ta0.125 Ti0.25 Zr0.25,BCC+Sec.,POWDER,other,,,7.3,,C,25.0,1740.0,,14.0,,,104.0,,,,10.1016/j.ijrmhm.2019.105132,2020.0,Precipitation behavior and mechanical properties of a hot-worked TiNbTa0.5ZrAl0.5 refractory high entropy alloy,10.1016.j.ijrmhm.2019.105132,Al0.125Nb0.25Ta0.125Ti0.25Zr0.25,TiNbTa 0.5 ZrAl 0.5,1740.0,0.0,6.7,0.0,25.0,0.0,12.0,0.0,"single BCC phase; BCC (Ti, Nb, Ta)-rich matrix and HCP (Zr, Al)-rich precipitates after hot forging","powder metallurgy, hot forging",BCC,compression,0.0,0.0,0.0,0.0,10.1016.j.ijrmhm.2019.105132,Al0.125Nb0.25Ta0.125Ti0.25Zr0.25
266,0,85.0,847.0,0.5,10.1016.j.ijrmhm.2020.105195,4.0,Mo0.333 Nb0.333 Ta0.333,BCC,CAST,BCC,112.5,,11.8,516.6,C,1000.0,712.0,,3.8,,,207.0,,,,10.1016/j.ijrmhm.2020.105195,2020.0,Comparative study of the microstructures and mechanical properties of laser metal deposited and vacuum arc melted refractory NbMoTa medium-entropy alloy,10.1016.j.ijrmhm.2020.105195,Mo0.333Nb0.333Ta0.333,NbMoTa,712.0,13.18,0.0,0.0,1000.0,0.0,0.0,0.0,"singlephase solid solution of BCC structure, cellular and columnar within grains",LMD,BCC,compressive,0.0,0.0,0.0,0.0,10.1016.j.ijrmhm.2020.105195,Mo0.333Nb0.333Ta0.333
267,1,87.0,846.0,0.5,10.1016.j.ijrmhm.2020.105195,4.0,Mo0.333 Nb0.333 Ta0.333,BCC,CAST,BCC,112.5,,11.8,516.6,C,25.0,999.0,,2.5,,,207.0,,,,10.1016/j.ijrmhm.2020.105195,2020.0,Comparative study of the microstructures and mechanical properties of laser metal deposited and vacuum arc melted refractory NbMoTa medium-entropy alloy,10.1016.j.ijrmhm.2020.105195,Mo0.333Nb0.333Ta0.333,NbMoTa,999.0,0.0,0.0,0.0,25.0,0.0,2.5,0.0,,VAM,BCC,Compression,0.0,0.0,0.0,0.0,10.1016.j.ijrmhm.2020.105195,Mo0.333Nb0.333Ta0.333
275,0,204.0,146.0,0.375,10.1016.j.ijrmhm.2020.105322,6.0,Al0.15 Hf0.15 Nb0.3 Ti0.4,BCC+Sec.,ANNEAL,other,,,6.8,,C,600.0,920.0,,50.0,,,100.0,,,,10.1016/j.ijrmhm.2020.105322,2020.0,A new refractory Ti-Nb-Hf-Al high entropy alloy strengthened by orthorhombic phase particles,10.1016.j.ijrmhm.2020.105322,Al0.15Hf0.15Nb0.3Ti0.4,Ti 40 Nb 30 Hf 15 Al 15,920.0,0.0,0.0,0.0,600.0,0.0,0.0,0.0,"Bcc matrix and Widmanstatten (Ti, Al)-rich Ophase particles after annealing at 600°C",Annealing at 600°C for 24h,Bcc,Compression,0.0,0.0,0.0,0.0,10.1016.j.ijrmhm.2020.105322,Al0.15Hf0.15Nb0.3Ti0.4
276,1,201.0,143.0,0.25,10.1016.j.ijrmhm.2020.105322,6.0,Al0.15 Hf0.15 Nb0.3 Ti0.4,B2,ANNEAL,other,,,6.8,,C,25.0,830.0,,50.0,,,100.0,,,,10.1016/j.ijrmhm.2020.105322,2020.0,A new refractory Ti-Nb-Hf-Al high entropy alloy strengthened by orthorhombic phase particles,10.1016.j.ijrmhm.2020.105322,Al0.15Hf0.15Nb0.3Ti0.4,Ti 40 Nb 30 Hf 15 Al 15,830.0,400.0,0.0,0.0,22.0,0.0,50.0,0.0,single-phase B2 structure with coarse (~400 μm) polygonal-shaped grains with clear boundaries. TEM analysis confirmed the B2 ordering and revealed numerous anti-phase boundaries in the matrix grains,annealing at 1200˚C,B2,compression,0.0,0.0,0.0,0.0,10.1016.j.ijrmhm.2020.105322,Al0.15Hf0.15Nb0.3Ti0.4
277,2,203.0,145.0,0.25,10.1016.j.ijrmhm.2020.105322,6.0,Al0.15 Hf0.15 Nb0.3 Ti0.4,BCC+Sec.,ANNEAL,other,,,6.8,,C,25.0,1250.0,,16.0,,,100.0,,,,10.1016/j.ijrmhm.2020.105322,2020.0,A new refractory Ti-Nb-Hf-Al high entropy alloy strengthened by orthorhombic phase particles,10.1016.j.ijrmhm.2020.105322,Al0.15Hf0.15Nb0.3Ti0.4,Ti 40 Nb 30 Hf 15 Al 15,1250.0,0.0,0.0,0.0,22.0,1630.0,16.0,0.0,"Bcc matrix and Widmanstatten (Ti, Al)-rich Ophase particles after annealing at 600°C",Annealing at 600°C for 24h,Bcc,Compression,0.0,0.0,0.0,0.0,10.1016.j.ijrmhm.2020.105322,Al0.15Hf0.15Nb0.3Ti0.4
356,0,439.0,730.0,0.5,10.1016.j.intermet.2011.01.004,57.0,Mo0.2 Nb0.2 Ta0.2 V0.2 W0.2,BCC,CAST,BCC,,,12.2,,C,600.0,862.0,,13.0,,,232.0,,,,10.1016/j.intermet.2011.01.004,2011.0,Mechanical properties of Nb25Mo25Ta25W25 and V20Nb20Mo20Ta20W20 refractory high entropy alloys,10.1016.j.intermet.2011.01.004,Mo0.2Nb0.2Ta0.2V0.2W0.2,V 20 Nb 20 Mo 20 Ta 20 W 20,862.0,80.0,0.0,0.0,600.0,0.0,13.0,0.0,"BCC crystal structure, finer grain size, dendritic structure, uneven Z-contrast inside the grains indicates slightly different compositions of dendritic and interdendritic regions due to constitutional segregation during solidification",as-solidified,BCC,compression,0.0,0.0,0.0,0.0,10.1016.j.intermet.2011.01.004,Mo0.2Nb0.2Ta0.2V0.2W0.2
357,1,440.0,808.0,0.5,10.1016.j.intermet.2011.01.004,57.0,Mo0.25 Nb0.25 Ta0.25 W0.25,BCC,CAST,BCC,,,13.7,,C,600.0,561.0,,40.0,,,258.0,,,,10.1016/j.intermet.2011.01.004,2011.0,Mechanical properties of Nb25Mo25Ta25W25 and V20Nb20Mo20Ta20W20 refractory high entropy alloys,10.1016.j.intermet.2011.01.004,Mo0.25Nb0.25Ta0.25W0.25,Nb 25 Mo 25 Ta 25 W 25,561.0,200.0,0.0,0.0,600.0,0.0,0.0,0.0,"BCC crystal structure, average grain size 200 mm, non-uniform grain size distribution, larger grains in regions experiencing slower cooling during solidification, dendritic structure, uneven Z-contrast inside the grains indicates slightly different compositions of dendritic and interdendritic regions due to constitutional segregation during solidification",as-solidified,BCC,compression,0.0,0.0,0.0,0.0,10.1016.j.intermet.2011.01.004,Mo0.25Nb0.25Ta0.25W0.25
358,2,437.0,807.0,0.375,10.1016.j.intermet.2011.01.004,57.0,Mo0.25 Nb0.25 Ta0.25 W0.25,BCC,CAST,BCC,200.0,,13.7,454.0,C,25.0,1058.0,1211.0,2.0,,,258.0,,,,10.1016/j.intermet.2011.01.004,2011.0,Mechanical properties of Nb25Mo25Ta25W25 and V20Nb20Mo20Ta20W20 refractory high entropy alloys,10.1016.j.intermet.2011.01.004,Mo0.25Nb0.25Ta0.25W0.25,Nb 25 Mo 25 Ta 25 W 25,1058.0,0.0,0.0,4460.0,23.0,1211.0,2.1,0.0,"dendritic, equiaxed",vacuum arc melting,BCC,compression,220.0,0.0,0.0,0.0,10.1016.j.intermet.2011.01.004,Mo0.25Nb0.25Ta0.25W0.25
359,3,438.0,729.0,0.375,10.1016.j.intermet.2011.01.004,57.0,Mo0.2 Nb0.2 Ta0.2 V0.2 W0.2,BCC,CAST,BCC,80.0,,12.2,536.0,C,25.0,1246.0,1270.0,2.0,,,232.0,,,,10.1016/j.intermet.2011.01.004,2011.0,Mechanical properties of Nb25Mo25Ta25W25 and V20Nb20Mo20Ta20W20 refractory high entropy alloys,10.1016.j.intermet.2011.01.004,Mo0.2Nb0.2Ta0.2V0.2W0.2,V 20 Nb 20 Mo 20 Ta 20 W 20,1246.0,0.0,0.0,5420.0,23.0,1270.0,0.0,0.0,"dendritic, equiaxed",vacuum arc melting,BCC,compression,0.0,0.0,0.0,0.0,10.1016.j.intermet.2011.01.004,Mo0.2Nb0.2Ta0.2V0.2W0.2
373,0,163.0,451.0,0.375,10.1016.j.intermet.2015.03.013,49.0,Hf0.2 Mo0.2 Ta0.2 Ti0.2 Zr0.2,BCC,CAST,BCC,,,10.3,542.0,C,25.0,1600.0,1743.0,4.0,,,155.0,,,,10.1016/j.intermet.2015.03.013,2015.0,Enhanced mechanical properties of HfMoTaTiZr and HfMoNbTaTiZr refractory high-entropy alloys,10.1016.j.intermet.2015.03.013,Hf0.2Mo0.2Ta0.2Ti0.2Zr0.2,HfMoTaTiZr,1600.0,0.0,0.0,542.0,0.0,0.0,0.0,0.0,dendritic,as-solidified,BCC,compression,0.0,0.0,0.0,0.0,10.1016.j.intermet.2015.03.013,Hf0.2Mo0.2Ta0.2Ti0.2Zr0.2
374,1,164.0,411.0,0.375,10.1016.j.intermet.2015.03.013,49.0,Hf0.167 Mo0.167 Nb0.167 Ta0.167 Ti0.167 Zr0.167,BCC,CAST,BCC,,,10.0,505.0,C,25.0,1512.0,,12.0,,,147.0,,,,10.1016/j.intermet.2015.03.013,2015.0,Enhanced mechanical properties of HfMoTaTiZr and HfMoNbTaTiZr refractory high-entropy alloys,10.1016.j.intermet.2015.03.013,Hf0.167Mo0.167Nb0.167Ta0.167Ti0.167Zr0.167,HfMoNbTaTiZr,1512.0,0.0,0.0,505.0,0.0,0.0,0.0,0.0,dendritic,as-solidified,BCC,compression,0.0,0.0,0.0,0.0,10.1016.j.intermet.2015.03.013,Hf0.167Mo0.167Nb0.167Ta0.167Ti0.167Zr0.167
386,0,616.0,268.0,0.25,10.1016.j.intermet.2015.09.011,47.0,C0.024 Hf0.122 Mo0.122 Nb0.244 Ti0.244 Zr0.244,BCC+Sec.,CAST,other,,,7.7,,C,25.0,1183.0,2139.0,38.0,,,,,,,10.1016/j.intermet.2015.09.011,2016.0,Microstructure and mechanical properties of in-situ MC-carbide particulates-reinforced refractory high-entropy Mo0.5NbHf0.5ZrTi matrix alloy composite,10.1016.j.intermet.2015.09.011,C0.024Hf0.122Mo0.122Nb0.244Ti0.244Zr0.244,Mo 0.5 NbHf 0.5 ZrTiC 0.1,1183.0,0.0,0.0,0.0,0.0,2139.0,0.0,0.0,BCC solid solution phase and particulates-reinforced phase MC-carbide,arc melting,BCC,compressive,0.0,0.0,0.0,0.1,10.1016.j.intermet.2015.09.011,C0.024Hf0.122Mo0.122Nb0.244Ti0.244Zr0.244
390,0,583.0,441.0,0.375,10.1016.j.intermet.2015.10.011,110.0,Hf0.2 Mo0.2 Nb0.2 Ti0.2 Zr0.2,BCC,CAST,BCC,,8.68,8.6,,C,25.0,1719.0,,,,,139.0,,,,10.1016/j.intermet.2015.10.011,2016.0,Effect of composing element on microstructure and mechanical properties in Mo‚ÄìNb‚ÄìHf‚ÄìZr‚ÄìTi multi-principle component alloys,10.1016.j.intermet.2015.10.011,Hf0.2Mo0.2Nb0.2Ti0.2Zr0.2,MoNbHfZrTi,1719.0,0.0,0.0,494.0,0.0,1803.0,10.12,0.0,dendritic and interdendritic structure,compressive testing,BCC,compressive,0.0,0.0,0.0,0.0,10.1016.j.intermet.2015.10.011,Hf0.2Mo0.2Nb0.2Ti0.2Zr0.2
403,0,529.0,712.0,0.625,10.1016.j.intermet.2017.01.007,91.0,Mo0.2 Nb0.2 Ta0.2 Ti0.2 W0.2,BCC,CAST,BCC,,,11.9,,C,25.0,1343.0,2005.0,,,,229.0,,,,10.1016/j.intermet.2017.01.007,2017.0,Effect of Ti additions on mechanical properties of NbMoTaW and VNbMoTaW refractory high entropy alloys,10.1016.j.intermet.2017.01.007,Mo0.2Nb0.2Ta0.2Ti0.2W0.2,TiNbMoTaW,1343.0,0.0,0.0,0.0,25.0,2005.0,14.1,0.0,BCC,,BCC,Compressive,0.0,0.0,0.0,0.0,10.1016.j.intermet.2017.01.007,Mo0.2Nb0.2Ta0.2Ti0.2W0.2
404,1,530.0,687.0,0.625,10.1016.j.intermet.2017.01.007,91.0,Mo0.167 Nb0.167 Ta0.167 Ti0.167 V0.167 W0.167,BCC,CAST,BCC,,,10.9,,C,25.0,1515.0,2135.0,,,,213.0,,,,10.1016/j.intermet.2017.01.007,2017.0,Effect of Ti additions on mechanical properties of NbMoTaW and VNbMoTaW refractory high entropy alloys,10.1016.j.intermet.2017.01.007,Mo0.167Nb0.167Ta0.167Ti0.167V0.167W0.167,TiVNbTaMoW,1515.0,0.0,0.0,0.0,25.0,2135.0,10.6,0.0,BCC,,BCC,Compressive,0.0,0.0,0.0,0.0,10.1016.j.intermet.2017.01.007,Mo0.167Nb0.167Ta0.167Ti0.167V0.167W0.167
405,2,525.0,716.0,0.5,10.1016.j.intermet.2017.01.007,91.0,Mo0.2 Nb0.2 Ta0.2 Ti0.2 W0.2,BCC,CAST,BCC,,,11.9,,C,1200.0,586.0,814.0,,,,229.0,,,,10.1016/j.intermet.2017.01.007,2017.0,Effect of Ti additions on mechanical properties of NbMoTaW and VNbMoTaW refractory high entropy alloys,10.1016.j.intermet.2017.01.007,Mo0.2Nb0.2Ta0.2Ti0.2W0.2,TiNbMoTaW,586.0,0.0,0.0,0.0,1200.0,0.0,0.0,0.0,single BCC phase,arc melting,BCC,compression,0.0,0.0,0.0,0.0,10.1016.j.intermet.2017.01.007,Mo0.2Nb0.2Ta0.2Ti0.2W0.2
406,3,526.0,691.0,0.5,10.1016.j.intermet.2017.01.007,91.0,Mo0.167 Nb0.167 Ta0.167 Ti0.167 V0.167 W0.167,BCC,CAST,BCC,,,10.9,,C,1200.0,659.0,696.0,,,,213.0,,,,10.1016/j.intermet.2017.01.007,2017.0,Effect of Ti additions on mechanical properties of NbMoTaW and VNbMoTaW refractory high entropy alloys,10.1016.j.intermet.2017.01.007,Mo0.167Nb0.167Ta0.167Ti0.167V0.167W0.167,TiVNbMoTaW,659.0,0.0,0.0,0.0,1200.0,0.0,0.0,0.0,single BCC phase,arc melting,BCC,compression,0.0,0.0,0.0,0.0,10.1016.j.intermet.2017.01.007,Mo0.167Nb0.167Ta0.167Ti0.167V0.167W0.167
415,0,30.0,955.0,0.375,10.1016.j.intermet.2019.01.004,8.0,Nb0.5 Ta0.5,BCC,CAST,BCC,,,12.6,,T,25.0,246.0,304.0,21.0,,,146.0,,,,10.1016/j.intermet.2019.01.004,2019.0,New ternary equi-atomic refractory medium-entropy alloys with tensile ductility: Hafnium versus titanium into NbTa-based solution,10.1016.j.intermet.2019.01.004,Nb0.5Ta0.5,NbTa,246.0,0.0,0.0,0.0,0.0,0.0,20.0,0.0,,,BCC,tensile,0.0,0.0,0.0,0.0,10.1016.j.intermet.2019.01.004,Nb0.5Ta0.5
416,1,31.0,935.0,0.375,10.1016.j.intermet.2019.01.004,8.0,Nb0.333 Ta0.333 Ti0.333,BCC,CAST,BCC,,,9.9,,T,25.0,478.0,514.0,19.0,,,136.0,,,,10.1016/j.intermet.2019.01.004,2019.0,New ternary equi-atomic refractory medium-entropy alloys with tensile ductility: Hafnium versus titanium into NbTa-based solution,10.1016.j.intermet.2019.01.004,Nb0.333Ta0.333Ti0.333,TiNbTa,478.0,0.0,0.0,0.0,0.0,0.0,0.0,0.0,,,BCC,tensile,0.0,0.0,0.0,0.0,10.1016.j.intermet.2019.01.004,Nb0.333Ta0.333Ti0.333
417,2,32.0,636.0,0.375,10.1016.j.intermet.2019.01.004,8.0,Hf0.333 Nb0.333 Ta0.333,BCC,CAST,BCC,,,12.8,,T,25.0,847.0,889.0,10.0,,,123.0,,,,10.1016/j.intermet.2019.01.004,2019.0,New ternary equi-atomic refractory medium-entropy alloys with tensile ductility: Hafnium versus titanium into NbTa-based solution,10.1016.j.intermet.2019.01.004,Hf0.333Nb0.333Ta0.333,HfNbTa,847.0,0.0,0.0,0.0,0.0,889.0,0.0,0.0,,,BCC,tensile,0.0,0.0,0.0,0.0,10.1016.j.intermet.2019.01.004,Hf0.333Nb0.333Ta0.333
418,3,33.0,596.0,0.375,10.1016.j.intermet.2019.01.004,8.0,Hf0.25 Nb0.25 Ta0.25 Ti0.25,BCC,CAST,BCC,,,10.8,,T,25.0,663.0,709.0,11.0,,,121.0,,,,10.1016/j.intermet.2019.01.004,2019.0,New ternary equi-atomic refractory medium-entropy alloys with tensile ductility: Hafnium versus titanium into NbTa-based solution,10.1016.j.intermet.2019.01.004,Hf0.25Nb0.25Ta0.25Ti0.25,TiHfNbTa,663.0,0.0,0.0,0.0,0.0,0.0,0.0,0.0,,,BCC,tensile,0.0,0.0,0.0,0.0,10.1016.j.intermet.2019.01.004,Hf0.25Nb0.25Ta0.25Ti0.25
448,0,414.0,298.0,0.25,10.1016.j.intermet.2020.106928,6.0,Cr0.2 Mo0.2 Nb0.2 Ta0.2 W0.2,,CAST,other,,,12.4,,C,25.0,1056.0,1104.0,4.6,,,262.0,,,,10.1016/j.intermet.2020.106928,2020.0,"Influence of alloying elements on mechanical and electronic properties of NbMoTaWX (X¬†=¬†Cr, Zr, V, Hf and Re) refractory high entropy alloys",10.1016.j.intermet.2020.106928,Cr0.2Mo0.2Nb0.2Ta0.2W0.2,NbMoTaWCr,1056.0,0.0,0.0,0.0,0.0,1104.0,4.6,0.0,,,,compressive,0.0,0.0,0.0,0.0,10.1016.j.intermet.2020.106928,Cr0.2Mo0.2Nb0.2Ta0.2W0.2
449,1,415.0,738.0,0.25,10.1016.j.intermet.2020.106928,6.0,Mo0.2 Nb0.2 Ta0.2 W0.2 Zr0.2,,CAST,other,,,12.3,,C,25.0,1480.0,1822.0,15.9,,,220.0,,,,10.1016/j.intermet.2020.106928,2020.0,"Influence of alloying elements on mechanical and electronic properties of NbMoTaWX (X¬†=¬†Cr, Zr, V, Hf and Re) refractory high entropy alloys",10.1016.j.intermet.2020.106928,Mo0.2Nb0.2Ta0.2W0.2Zr0.2,NbMoTaWZr,1480.0,0.0,0.0,0.0,0.0,1822.0,15.9,0.0,,,,compressive,0.0,0.0,0.0,0.0,10.1016.j.intermet.2020.106928,Mo0.2Nb0.2Ta0.2W0.2Zr0.2
450,2,416.0,736.0,0.25,10.1016.j.intermet.2020.106928,6.0,Mo0.2 Nb0.2 Ta0.2 V0.2 W0.2,,CAST,other,,,12.2,,C,25.0,1460.0,1520.0,8.8,,,232.0,,,,10.1016/j.intermet.2020.106928,2020.0,"Influence of alloying elements on mechanical and electronic properties of NbMoTaWX (X¬†=¬†Cr, Zr, V, Hf and Re) refractory high entropy alloys",10.1016.j.intermet.2020.106928,Mo0.2Nb0.2Ta0.2V0.2W0.2,NbMoTaWV,1460.0,0.0,0.0,0.0,0.0,1520.0,8.8,0.0,,,,compressive,0.0,0.0,0.0,0.0,10.1016.j.intermet.2020.106928,Mo0.2Nb0.2Ta0.2V0.2W0.2
451,3,417.0,435.0,0.25,10.1016.j.intermet.2020.106928,6.0,Hf0.2 Mo0.2 Nb0.2 Ta0.2 W0.2,,CAST,other,,,13.6,,C,25.0,1252.0,1252.0,5.7,,,222.0,,,,10.1016/j.intermet.2020.106928,2020.0,"Influence of alloying elements on mechanical and electronic properties of NbMoTaWX (X¬†=¬†Cr, Zr, V, Hf and Re) refractory high entropy alloys",10.1016.j.intermet.2020.106928,Hf0.2Mo0.2Nb0.2Ta0.2W0.2,NbMoTaWHf,1252.0,0.0,0.0,0.0,0.0,1252.0,5.7,0.0,,,,compressive,0.0,0.0,0.0,0.0,10.1016.j.intermet.2020.106928,Hf0.2Mo0.2Nb0.2Ta0.2W0.2
457,0,278.0,349.0,0.5,10.1016.j.intermet.2021.107323,2.0,Cr0.333 Nb0.333 Ti0.333,BCC+Sec.,ANNEAL,other,120.0,,6.7,,C,25.0,1353.0,,4.2,,,167.0,174.4,26.0,26.0,10.1016/j.intermet.2021.107323,2021.0,"Microstructures and mechanical properties of CrNb, CrNbTi, and CrNbTaTi concentrated refractory alloys",10.1016.j.intermet.2021.107323,Cr0.333Nb0.333Ti0.333,CrNbTi,1353.0,120.0,0.0,0.0,25.0,1460.0,0.0,0.0,BCC matrix with Laves phase precipitates,HIP,BCC,compression,0.0,0.0,0.0,0.0,10.1016.j.intermet.2021.107323,Cr0.333Nb0.333Ti0.333
458,1,279.0,335.0,0.375,10.1016.j.intermet.2021.107323,2.0,Cr0.25 Nb0.25 Ta0.25 Ti0.25,BCC+Sec.,ANNEAL,other,50.0,,9.2,,C,25.0,515.0,,69.0,,,172.0,280.0,50.0,60.0,10.1016/j.intermet.2021.107323,2021.0,"Microstructures and mechanical properties of CrNb, CrNbTi, and CrNbTaTi concentrated refractory alloys",10.1016.j.intermet.2021.107323,Cr0.25Nb0.25Ta0.25Ti0.25,CrNbTaTi,515.0,0.0,0.0,0.0,25.0,0.0,0.0,0.0,BCC matrix and Laves precipitates,,BCC,compression,0.0,0.0,0.0,0.0,10.1016.j.intermet.2021.107323,Cr0.25Nb0.25Ta0.25Ti0.25
459,2,280.0,354.0,0.375,10.1016.j.intermet.2021.107323,2.0,Cr0.5 Nb0.5,BCC+Sec.,ANNEAL,other,200.0,,7.9,,C,1200.0,974.0,,2.8,,,192.0,670.0,738.0,20.0,10.1016/j.intermet.2021.107323,2021.0,"Microstructures and mechanical properties of CrNb, CrNbTi, and CrNbTaTi concentrated refractory alloys",10.1016.j.intermet.2021.107323,Cr0.5Nb0.5,CrNb,974.0,0.0,0.0,0.0,1200.0,1074.0,0.028,0.0,BCC + Laves (C15),,BCC,Compression,0.0,0.38,0.302,0.012,10.1016.j.intermet.2021.107323,Cr0.5Nb0.5
469,0,558.0,488.0,0.375,10.1016.j.jallcom.2015.07.209,80.0,Hf0.2 Nb0.2 Ta0.2 Ti0.2 Zr0.2,BCC,WROUGHT,BCC,,,9.9,366.0,T,25.0,1202.0,1295.0,4.7,,,111.0,,,,10.1016/j.jallcom.2015.07.209,2015.0,Microstructure and properties of a refractory high-entropy alloy after cold working,10.1016.j.jallcom.2015.07.209,Hf0.2Nb0.2Ta0.2Ti0.2Zr0.2,HfNbTaTiZr,1202.0,0.0,0.0,0.0,0.0,1295.0,4.7,0.0,"single-phase BCC crystal structure, grains were heavily deformed and elongated",cold rolling,BCC,tension tests,93.3,0.0,0.0,0.0,10.1016.j.jallcom.2015.07.209,Hf0.2Nb0.2Ta0.2Ti0.2Zr0.2
470,1,561.0,489.0,0.375,10.1016.j.jallcom.2015.07.209,80.0,Hf0.2 Nb0.2 Ta0.2 Ti0.2 Zr0.2,BCC,WROUGHT,BCC,,,9.9,351.0,T,25.0,1145.0,1262.0,9.7,,,111.0,,,,10.1016/j.jallcom.2015.07.209,2015.0,Microstructure and properties of a refractory high-entropy alloy after cold working,10.1016.j.jallcom.2015.07.209,Hf0.2Nb0.2Ta0.2Ti0.2Zr0.2,HfNbTaTiZr,1145.0,22.0,0.0,0.0,0.0,1262.0,9.7,0.0,single-phase BCC structure with ~1-2 vol.% of fine second-phase precipitates,cold rolled and annealed,BCC,tensile,100.0,0.0,0.0,0.0,10.1016.j.jallcom.2015.07.209,Hf0.2Nb0.2Ta0.2Ti0.2Zr0.2
471,2,563.0,490.0,0.25,10.1016.j.jallcom.2015.07.209,80.0,Hf0.2 Nb0.2 Ta0.2 Ti0.2 Zr0.2,BCC+BCC,WROUGHT,other,,,9.9,,T,25.0,1303.0,1334.0,,,,111.0,,,,10.1016/j.jallcom.2015.07.209,2015.0,Microstructure and properties of a refractory high-entropy alloy after cold working,10.1016.j.jallcom.2015.07.209,Hf0.2Nb0.2Ta0.2Ti0.2Zr0.2,HfNbTaTiZr,1303.0,0.0,0.0,0.0,800.0,1334.0,1.9,0.0,Recrystallized Grains,Cold-Rolled + Annealed,,Tensile,100.0,0.0,0.0,0.0,10.1016.j.jallcom.2015.07.209,Hf0.2Nb0.2Ta0.2Ti0.2Zr0.2
476,0,60.0,158.0,0.25,10.1016.j.jallcom.2015.08.224,97.0,Al0.182 Cr0.273 Nb0.182 Ti0.182 V0.182,BCC+Laves,ANNEAL,other,,,5.9,,C,25.0,1700.0,1700.0,,,,152.0,,,,10.1016/j.jallcom.2015.08.224,2015.0,"Structure and mechanical properties of the AlCrxNbTiV (x¬†=¬†0, 0.5, 1, 1.5) high entropy alloys",10.1016.j.jallcom.2015.08.224,Al0.182Cr0.273Nb0.182Ti0.182V0.182,AlCr1.5NbTiV,1700.0,0.0,0.0,0.0,800.0,0.0,0.0,0.0,,,,,0.0,0.0,0.0,0.0,10.1016.j.jallcom.2015.08.224,Al0.182Cr0.273Nb0.182Ti0.182V0.182
477,1,62.0,204.0,0.25,10.1016.j.jallcom.2015.08.224,97.0,Al0.222 Cr0.111 Nb0.222 Ti0.222 V0.222,BCC,ANNEAL,BCC,,,5.7,,C,25.0,1300.0,1430.0,,,,124.0,,,,10.1016/j.jallcom.2015.08.224,2015.0,"Structure and mechanical properties of the AlCrxNbTiV (x¬†=¬†0, 0.5, 1, 1.5) high entropy alloys",10.1016.j.jallcom.2015.08.224,Al0.222Cr0.111Nb0.222Ti0.222V0.222,AlCr0.5NbTiV,1300.0,0.0,5710.0,0.0,22.0,1430.0,0.8,0.0,,,,Compression,0.0,0.0,0.0,0.0,10.1016.j.jallcom.2015.08.224,Al0.222Cr0.111Nb0.222Ti0.222V0.222
478,2,63.0,182.0,0.25,10.1016.j.jallcom.2015.08.224,97.0,Al0.2 Cr0.2 Nb0.2 Ti0.2 V0.2,BCC+Laves,ANNEAL,other,,,5.8,,C,25.0,1550.0,1570.0,,,,140.0,,,,10.1016/j.jallcom.2015.08.224,2015.0,"Structure and mechanical properties of the AlCrxNbTiV (x¬†=¬†0, 0.5, 1, 1.5) high entropy alloys",10.1016.j.jallcom.2015.08.224,Al0.2Cr0.2Nb0.2Ti0.2V0.2,AlCrNbTiV,1550.0,0.0,5820.0,0.0,22.0,1570.0,0.4,0.0,,,,Compression,0.0,0.0,0.0,0.0,10.1016.j.jallcom.2015.08.224,Al0.2Cr0.2Nb0.2Ti0.2V0.2
516,0,244.0,589.0,0.375,10.1016.j.jallcom.2016.10.014,75.0,Hf0.25 Mo0.125 Nb0.25 Ti0.25 V0.125,BCC,CAST,BCC,,,8.6,,C,25.0,1260.0,,,,,132.0,,,,10.1016/j.jallcom.2016.10.014,2017.0,Microstructure and mechanical properties of refractory HfMo0.5NbTiV0.5Six high-entropy composites,10.1016.j.jallcom.2016.10.014,Hf0.25Mo0.125Nb0.25Ti0.25V0.125,HfMo 0.5 NbTiV 0.5,1260.0,0.0,0.0,0.0,20.0,0.0,0.0,0.0,simple disordered body-centered cubic (BCC) phase,induction levitation melting,BCC,compression,0.0,0.0,0.0,0.0,10.1016.j.jallcom.2016.10.014,Hf0.25Mo0.125Nb0.25Ti0.25V0.125
517,1,248.0,591.0,0.375,10.1016.j.jallcom.2016.10.014,75.0,Hf0.25 Mo0.125 Nb0.25 Ti0.25 V0.125,BCC,CAST,BCC,,,8.6,,C,1200.0,60.0,,,,,132.0,,,,10.1016/j.jallcom.2016.10.014,2017.0,Microstructure and mechanical properties of refractory HfMo0.5NbTiV0.5Six high-entropy composites,10.1016.j.jallcom.2016.10.014,Hf0.25Mo0.125Nb0.25Ti0.25V0.125,HfMo 0.5 NbTiV 0.5,60.0,0.0,9.02,0.0,1200.0,0.0,35.0,0.0,,,,Compressive,0.0,0.0,0.0,0.0,10.1016.j.jallcom.2016.10.014,Hf0.25Mo0.125Nb0.25Ti0.25V0.125
518,2,249.0,572.0,0.375,10.1016.j.jallcom.2016.10.014,75.0,Hf0.213 Mo0.106 Nb0.213 Si0.149 Ti0.213 V0.106,BCC+Sec.,CAST,other,,,7.7,,C,1200.0,235.0,268.0,,,,119.0,,,,10.1016/j.jallcom.2016.10.014,2017.0,Microstructure and mechanical properties of refractory HfMo0.5NbTiV0.5Six high-entropy composites,10.1016.j.jallcom.2016.10.014,Hf0.213Mo0.106Nb0.213Si0.149Ti0.213V0.106,HfMo 0.5 NbTiV 0.5 Si 0.7,235.0,0.0,8.49,0.0,1200.0,0.0,35.0,0.0,,,,Compressive,0.0,0.0,0.0,0.0,10.1016.j.jallcom.2016.10.014,Hf0.213Mo0.106Nb0.213Si0.149Ti0.213V0.106
519,3,245.0,570.0,0.25,10.1016.j.jallcom.2016.10.014,75.0,Hf0.213 Mo0.106 Nb0.213 Si0.149 Ti0.213 V0.106,BCC+Sec.,CAST,other,,,7.7,,C,25.0,2134.0,2242.0,,,,119.0,,,,10.1016/j.jallcom.2016.10.014,2017.0,Microstructure and mechanical properties of refractory HfMo0.5NbTiV0.5Six high-entropy composites,10.1016.j.jallcom.2016.10.014,Hf0.213Mo0.106Nb0.213Si0.149Ti0.213V0.106,HfMo 0.5 NbTiV 0.5 Si 0.7,2134.0,0.0,0.0,0.0,20.0,0.0,0.0,0.0,"multi-component silicide (Hf, Nb, Ti) 5 Si 3",induction levitation melting,BCC,compression,0.0,0.0,0.0,0.0,10.1016.j.jallcom.2016.10.014,Hf0.213Mo0.106Nb0.213Si0.149Ti0.213V0.106
530,0,658.0,707.0,0.5,10.1016.j.jallcom.2016.11.188,90.0,Mo0.2 Nb0.2 Ta0.2 Ti0.2 V0.2,BCC,CAST,BCC,,,9.2,,C,25.0,1400.0,2450.0,,,,173.0,,,,10.1016/j.jallcom.2016.11.188,2017.0,Mechanical properties of refractory high-entropy alloys: Experiments and modeling,10.1016.j.jallcom.2016.11.188,Mo0.2Nb0.2Ta0.2Ti0.2V0.2,MoNbTaTiV,1400.0,0.0,9.29,0.0,25.0,0.0,30.0,0.0,dendritic,as-cast,BCC,compression,0.0,0.0,0.0,0.0,10.1016.j.jallcom.2016.11.188,Mo0.2Nb0.2Ta0.2Ti0.2V0.2
541,0,447.0,883.0,0.5,10.1016.j.jallcom.2018.10.230,28.0,Nb0.25 Ta0.25 Ti0.25 V0.25,BCC,POWDER,BCC,38.0,,9.0,510.9,C,25.0,1373.0,,29.5,,,134.0,4800.0,,1900.0,10.1016/j.jallcom.2018.10.230,2019.0,Microstructures and mechanical properties of ductile NbTaTiV refractory high entropy alloy prepared by powder metallurgy,10.1016.j.jallcom.2018.10.230,Nb0.25Ta0.25Ti0.25V0.25,NbTaTiV,1373.0,38.0,0.0,0.0,0.0,0.0,0.0,0.0,coarse dendritic,vacuum arc melting,BCC,compressive,0.0,0.48,0.0,0.19,10.1016.j.jallcom.2018.10.230,Nb0.25Ta0.25Ti0.25V0.25
608,0,453.0,419.0,0.375,10.1016.j.jallcom.2019.06.138,133.0,Hf0.167 Nb0.167 Ta0.167 Ti0.167 W0.167 Zr0.167,BCC+Laves,CAST,other,,,11.5,,C,1200.0,345.0,,35.0,,,161.0,,,,10.1016/j.jallcom.2019.06.138,2019.0,Microstructures and mechanical properties of HfNbTaTiZrW and HfNbTaTiZrMoW refractory high-entropy alloys,10.1016.j.jallcom.2019.06.138,Hf0.167Nb0.167Ta0.167Ti0.167W0.167Zr0.167,HfNbTaTiZrW,345.0,0.0,0.0,0.0,1200.0,0.0,0.0,0.0,dual-phases microstructure with two disordered BCC phases,vacuum arc melting,BCC,compressive,0.0,0.0,0.0,0.0,10.1016.j.jallcom.2019.06.138,Hf0.167Nb0.167Ta0.167Ti0.167W0.167Zr0.167
609,1,454.0,389.0,0.375,10.1016.j.jallcom.2019.06.138,133.0,Hf0.143 Mo0.143 Nb0.143 Ta0.143 Ti0.143 W0.143 Zr0.143,BCC+Laves,CAST,other,,,11.3,,C,1200.0,703.0,,35.0,,,185.0,,,,10.1016/j.jallcom.2019.06.138,2019.0,Microstructures and mechanical properties of HfNbTaTiZrW and HfNbTaTiZrMoW refractory high-entropy alloys,10.1016.j.jallcom.2019.06.138,Hf0.143Mo0.143Nb0.143Ta0.143Ti0.143W0.143Zr0.143,HfNbTaTiZrMoW,703.0,0.0,0.0,0.0,1200.0,0.0,0.0,0.0,dual-phases microstructure with two disordered BCC phases,vacuum arc melting,BCC,compressive,0.0,0.0,0.0,0.0,10.1016.j.jallcom.2019.06.138,Hf0.143Mo0.143Nb0.143Ta0.143Ti0.143W0.143Zr0.143
671,0,518.0,760.0,0.25,10.1016.j.jallcom.2020.154301,8.0,Mo0.222 Nb0.222 Re0.111 Ta0.222 W0.222,BCC+Sec.,CAST,other,56.0,,14.5,567.0,C,25.0,1147.0,1465.0,7.01,,,281.0,,,,10.1016/j.jallcom.2020.154301,2020.0,Microstructure and mechanical properties of RexNbMoTaW high-entropy alloys prepared by arc melting using metal powders,10.1016.j.jallcom.2020.154301,Mo0.222Nb0.222Re0.111Ta0.222W0.222,Re0.5NbMoTaW,1147.0,0.0,0.0,567.0,0.0,1465.0,7.01,0.0,"BCC solid solution and (Nb, Ta)-rich particle phase with tetragonal structure",arc melting,BCC,compressive,0.0,0.0,0.0,0.0,10.1016.j.jallcom.2020.154301,Mo0.222Nb0.222Re0.111Ta0.222W0.222
672,1,519.0,814.0,0.25,10.1016.j.jallcom.2020.154301,8.0,Mo0.25 Nb0.25 Ta0.25 W0.25,BCC+Sec.,CAST,other,76.0,,13.7,527.0,C,25.0,1121.0,1306.0,6.22,,,258.0,,,,10.1016/j.jallcom.2020.154301,2020.0,Microstructure and mechanical properties of RexNbMoTaW high-entropy alloys prepared by arc melting using metal powders,10.1016.j.jallcom.2020.154301,Mo0.25Nb0.25Ta0.25W0.25,Re0 NbMoTaW,1121.0,0.0,0.0,527.0,0.0,1306.0,6.22,0.0,,,,Compression,0.0,0.0,0.0,0.0,10.1016.j.jallcom.2020.154301,Mo0.25Nb0.25Ta0.25W0.25
673,2,521.0,700.0,0.25,10.1016.j.jallcom.2020.154301,8.0,Mo0.2 Nb0.2 Re0.2 Ta0.2 W0.2,BCC+Sec.,CAST,other,91.0,,15.2,536.0,C,25.0,1062.0,1147.0,4.22,,,299.0,,,,10.1016/j.jallcom.2020.154301,2020.0,Microstructure and mechanical properties of RexNbMoTaW high-entropy alloys prepared by arc melting using metal powders,10.1016.j.jallcom.2020.154301,Mo0.2Nb0.2Re0.2Ta0.2W0.2,Re1 NbMoTaW,1062.0,0.0,0.0,536.0,0.0,1147.0,4.22,0.0,,,,Compression,0.0,0.0,0.0,0.0,10.1016.j.jallcom.2020.154301,Mo0.2Nb0.2Re0.2Ta0.2W0.2
677,0,308.0,936.0,0.375,10.1016.j.jallcom.2020.158003,10.0,Nb0.333 Ta0.333 Ti0.333,BCC,ANNEAL,BCC,400.0,10.09,9.9,,C,25.0,724.0,,,,,136.0,112.0,391.0,132.0,10.1016/j.jallcom.2020.158003,2021.0,"Microstructure, mechanical properties and oxidation behavior of NbTaTi and NbTaZr refractory alloys",10.1016.j.jallcom.2020.158003,Nb0.333Ta0.333Ti0.333,NbTaTi,724.0,0.0,10.09,0.0,25.0,1137.0,0.354,0.0,"Precipitation-free zone: Nb 29.0±0.1%, Ta 45.5±0.3%, Ti 25.5±0.3%. Dark phase at grain boundaries: Nb 8.6±0.5%, Ta 17.6±0.4%, Ti 73.7±0.9%. Dark phase inside grains: Nb 18.0±1.7%, Ta 30.2±2.6%, Ti 51.8±4.4%.",HIP'd,BCC/FCC,Compression,0.0,0.112,0.391,0.132,10.1016.j.jallcom.2020.158003,Nb0.333Ta0.333Ti0.333
736,0,683.0,324.0,0.5,10.1016.j.jmst.2020.07.012,20.0,Cr0.25 Mo0.25 Nb0.25 V0.25,BCC+Sec.,POWDER,other,2.07,,8.0,8.03,C,1000.0,1513.0,,16.4,,,210.0,,,,10.1016/j.jmst.2020.07.012,2021.0,"Superior mechanical properties and strengthening mechanisms of lightweight AlxCrNbVMo refractory high-entropy alloys (x = 0, 0.5, 1.0) fabricated by the powder metallurgy process",10.1016.j.jmst.2020.07.012,Cr0.25Mo0.25Nb0.25V0.25,Al0CrNbVMo,1513.0,2.07,8.03,333.0,1000.0,0.0,0.0,0.0,"homogeneous, without chemical segregation, grain coarsening or micropores. A small amount of oxide inclusions was uniformly formed by in-situ reaction during the PM procedures",PM,BCC,compressive,0.0,0.0,0.0,0.0,10.1016.j.jmst.2020.07.012,Cr0.25Mo0.25Nb0.25V0.25
737,1,678.0,323.0,0.375,10.1016.j.jmst.2020.07.012,20.0,Cr0.25 Mo0.25 Nb0.25 V0.25,BCC+Sec.,POWDER,other,2.07,,8.0,8.03,C,25.0,2743.0,,9.9,,,210.0,,,,10.1016/j.jmst.2020.07.012,2021.0,"Superior mechanical properties and strengthening mechanisms of lightweight AlxCrNbVMo refractory high-entropy alloys (x = 0, 0.5, 1.0) fabricated by the powder metallurgy process",10.1016.j.jmst.2020.07.012,Cr0.25Mo0.25Nb0.25V0.25,CrNbVMo,2743.0,2.0,8.0,0.0,25.0,0.0,0.0,0.0,"single BCC crystalline structure with a sub-micron grain size of 2-3 m, and small amounts (< 4 vol.%) of fine oxide dispersoids",high-energy ball milling and spark-plasma sintering,BCC,compressive,0.0,0.0,0.0,0.0,10.1016.j.jmst.2020.07.012,Cr0.25Mo0.25Nb0.25V0.25
738,2,687.0,93.0,0.25,10.1016.j.jmst.2020.07.012,20.0,Al0.111 Cr0.222 Mo0.222 Nb0.222 V0.222,BCC+Sec.,POWDER,other,2.09,,7.4,7.53,C,25.0,2497.0,,13.5,,,195.0,,,,10.1016/j.jmst.2020.07.012,2021.0,"Superior mechanical properties and strengthening mechanisms of lightweight AlxCrNbVMo refractory high-entropy alloys (x = 0, 0.5, 1.0) fabricated by the powder metallurgy process",10.1016.j.jmst.2020.07.012,Al0.111Cr0.222Mo0.222Nb0.222V0.222,Al0.5CrNbVMo,2497.0,0.0,7.5,0.0,0.0,0.0,0.0,0.0,BCC,,BCC,,0.0,0.0,0.0,0.0,10.1016.j.jmst.2020.07.012,Al0.111Cr0.222Mo0.222Nb0.222V0.222
739,3,688.0,180.0,0.25,10.1016.j.jmst.2020.07.012,20.0,Al0.2 Cr0.2 Mo0.2 Nb0.2 V0.2,BCC+Sec.,POWDER,other,2.95,,7.0,7.05,C,25.0,2326.0,,18.1,,,182.0,,,,10.1016/j.jmst.2020.07.012,2021.0,"Superior mechanical properties and strengthening mechanisms of lightweight AlxCrNbVMo refractory high-entropy alloys (x = 0, 0.5, 1.0) fabricated by the powder metallurgy process",10.1016.j.jmst.2020.07.012,Al0.2Cr0.2Mo0.2Nb0.2V0.2,Al1.0CrNbVMo,2326.0,0.0,7.1,0.0,0.0,0.0,0.0,0.0,BCC,,BCC,,0.0,0.0,0.0,0.0,10.1016.j.jmst.2020.07.012,Al0.2Cr0.2Mo0.2Nb0.2V0.2
756,0,570.0,461.0,0.375,10.1016.j.jmst.2020.10.073,11.0,Hf0.2 Nb0.2 Ta0.2 Ti0.2 V0.2,BCC,CAST,BCC,290.0,,9.8,,C,25.0,1350.0,,45.0,,,123.0,,,,10.1016/j.jmst.2020.10.073,2021.0,A novel HfNbTaTiV high-entropy alloy of superior mechanical properties designed on the principle of maximum lattice distortion,10.1016.j.jmst.2020.10.073,Hf0.2Nb0.2Ta0.2Ti0.2V0.2,HfNbTaTiV,1350.0,0.0,0.0,0.0,0.0,0.0,0.0,0.0,As-cast state; BCC structure; random distribution of the five constituent elements,As-cast,BCC,Compressive,0.0,0.0,0.0,0.0,10.1016.j.jmst.2020.10.073,Hf0.2Nb0.2Ta0.2Ti0.2V0.2
813,0,700.0,442.0,0.375,10.1016.j.matdes.2015.05.019,50.0,Hf0.2 Mo0.2 Nb0.2 Ti0.2 Zr0.2,BCC,CAST,BCC,,,8.6,,C,25.0,1719.0,1803.0,10.0,,,139.0,,,,10.1016/j.matdes.2015.05.019,2015.0,Microstructure and mechanical properties of refractory MoNbHfZrTi high-entropy alloy,10.1016.j.matdes.2015.05.019,Hf0.2Mo0.2Nb0.2Ti0.2Zr0.2,MoNbHfZrTi,1719.0,0.0,0.0,0.0,0.0,0.0,0.0,0.0,disordered body-centered cubic (BCC) solid solution phase in as-cast and homogenized states,arc melting,BCC,compressive,0.0,0.0,0.0,0.0,10.1016.j.matdes.2015.05.019,Hf0.2Mo0.2Nb0.2Ti0.2Zr0.2
814,1,702.0,446.0,0.375,10.1016.j.matdes.2015.05.019,50.0,Hf0.2 Mo0.2 Nb0.2 Ti0.2 Zr0.2,BCC,ANNEAL,BCC,,,8.6,,C,1200.0,187.0,194.0,50.0,,,139.0,,,,10.1016/j.matdes.2015.05.019,2015.0,Microstructure and mechanical properties of refractory MoNbHfZrTi high-entropy alloy,10.1016.j.matdes.2015.05.019,Hf0.2Mo0.2Nb0.2Ti0.2Zr0.2,MoNbHfZrTi,187.0,0.0,0.0,0.0,1473.0,0.0,60.0,0.0,dynamic recrystallized grains,as-cast,BCC,compressive,0.0,0.0,0.0,0.0,10.1016.j.matdes.2015.05.019,Hf0.2Mo0.2Nb0.2Ti0.2Zr0.2
819,0,346.0,617.0,0.375,10.1016.j.matlet.2014.05.134,55.0,Hf0.25 Nb0.25 Ti0.25 Zr0.25,BCC,CAST,BCC,,,8.2,,T,25.0,879.0,969.0,,14.9,,92.0,,,,10.1016/j.matlet.2014.05.134,2014.0,A refractory Hf25Nb25Ti25Zr25 high-entropy alloy with excellent structural stability and tensile properties,10.1016.j.matlet.2014.05.134,Hf0.25Nb0.25Ti0.25Zr0.25,Hf 25 Nb 25 Ti 25 Zr 25,879.0,1.0,0.0,0.0,0.0,969.0,14.9,14.9,homogeneous dendrites; single solid solution phase; no secondary phase precipitated,copper mold cast; homogenized in a tubular furnace at 1573 K for 6 hours in flowing Ar atmosphere and subsequently furnace-cooled,BCC,tensile,0.0,0.0,0.0,0.0,10.1016.j.matlet.2014.05.134,Hf0.25Nb0.25Ti0.25Zr0.25
821,0,107.0,254.0,0.25,10.1016.j.matlet.2014.11.162,43.0,Al0.25 Nb0.25 Ti0.25 V0.25,BCC,ANNEAL,BCC,350.0,,5.5,448.0,C,25.0,1020.0,1318.0,,5.0,,105.0,,,,10.1016/j.matlet.2014.11.162,2015.0,Structure and mechanical properties of a light-weight AlNbTiV high entropy alloy,10.1016.j.matlet.2014.11.162,Al0.25Nb0.25Ti0.25V0.25,AlNbTiV,1020.0,400.0,5.59,4394.0,22.0,1318.0,5.0,0.0,coarse-grained single bcc phase structure,arc melting,bcc,compressive,0.0,0.0,0.0,0.0,10.1016.j.matlet.2014.11.162,Al0.25Nb0.25Ti0.25V0.25
829,0,546.0,577.0,0.375,10.1016.j.matlet.2016.03.092,51.0,Hf0.222 Nb0.222 Si0.111 Ti0.222 V0.222,BCC+Sec.,CAST,other,,,7.5,490.0,C,25.0,1399.0,1608.0,11.0,,,100.0,,,,10.1016/j.matlet.2016.03.092,2016.0,Microstructure and mechanical properties of a refractory HfNbTiVSi0.5 high-entropy alloy composite,10.1016.j.matlet.2016.03.092,Hf0.222Nb0.222Si0.111Ti0.222V0.222,HfNbTiVSi 0.5,1399.0,0.0,8.6,490.0,25.0,1608.0,10.9,0.0,composite structure with silicide phases distributed in the BCC matrix,cold crucible levitation melting,BCC,compression,0.0,0.0,0.0,0.0,10.1016.j.matlet.2016.03.092,Hf0.222Nb0.222Si0.111Ti0.222V0.222
839,0,169.0,537.0,0.5,10.1016.j.matlet.2016.08.060,81.0,Hf0.2 Nb0.2 Ta0.2 Ti0.2 Zr0.2,BCC,WROUGHT,BCC,,,9.9,,T,25.0,958.0,974.0,,,,111.0,,,,10.1016/j.matlet.2016.08.060,2016.0,Simultaneously increasing the strength and ductility of a refractory high-entropy alloy via grain refining,10.1016.j.matlet.2016.08.060,Hf0.2Nb0.2Ta0.2Ti0.2Zr0.2,HfNbTaTiZr,958.0,38.0,0.0,0.0,0.0,0.0,20.0,0.0,BCC,annealed at 1250 °C for different times,BCC,tensile,81.0,0.0,0.0,0.0,10.1016.j.matlet.2016.08.060,Hf0.2Nb0.2Ta0.2Ti0.2Zr0.2
843,0,225.0,60.0,0.25,10.1016.j.matlet.2016.11.030,96.0,Al0.1 Cr0.2 Nb0.2 Ti0.4 V0.1,BCC+Laves,ANNEAL,other,,,5.8,,C,25.0,1340.0,1700.0,,,,143.0,,,,10.1016/j.matlet.2016.11.030,2017.0,Precipitation-strengthened refractory Al 0.5 CrNbTi 2 V 0.5 high entropy alloy,10.1016.j.matlet.2016.11.030,Al0.1Cr0.2Nb0.2Ti0.4V0.1,Al 0.5 CrNbTi 2 V 0.5,1340.0,300.0,5.76,0.0,22.0,0.0,18.5,0.0,"single body-centered cubic (bcc) phase structure in the as-cast condition. After annealing, fine and homogeneously distributed particles of Laves phase form in the bcc matrix.","arc melting, annealed at 1200°C for 24 hours",bcc,compression,0.0,0.0,0.0,0.0,10.1016.j.matlet.2016.11.030,Al0.1Cr0.2Nb0.2Ti0.4V0.1
849,0,433.0,112.0,0.25,10.1016.j.matlet.2019.03.075,153.0,Al0.125 Nb0.25 Ta0.125 Ti0.25 Zr0.25,BCC+HCP,WROUGHT,other,,,7.3,,C,25.0,1740.0,,20.0,,,104.0,,,,10.1016/j.matlet.2019.03.075,2019.0,Precipitation strengthening in a hot-worked TiNbTa0.5ZrAl0.5 refractory high entropy alloy,10.1016.j.matlet.2019.03.075,Al0.125Nb0.25Ta0.125Ti0.25Zr0.25,TiNbTa 0.5 ZrAl 0.5,1740.0,1.0,0.0,0.0,1000.0,0.0,20.0,0.0,"(Zr, Al)-rich HCP precipitates in the initial BCC matrix","powder metallurgy, hot forging, and annealing",BCC,compression,0.0,0.0,0.0,0.0,10.1016.j.matlet.2019.03.075,Al0.125Nb0.25Ta0.125Ti0.25Zr0.25
856,0,0.0,166.0,0.25,10.1016.j.matlet.2020.127372,9.0,Al0.2 Cr0.1 Nb0.15 Ti0.2 V0.25 Zr0.1,B2+Laves (C14)+Sec.,ANNEAL,other,,,5.6,,C,25.0,1535.0,,0.6,,,120.0,,,,10.1016/j.matlet.2020.127372,2020.0,Structure and mechanical properties of an in situ refractory Al20Cr10Nb15Ti20V25Zr10 high entropy alloy composite,10.1016.j.matlet.2020.127372,Al0.2Cr0.1Nb0.15Ti0.2V0.25Zr0.1,Al 20 Cr 10 Nb 15 Ti 20 V 25 Zr 10,1535.0,0.0,5.55,0.0,22.0,0.0,0.6,0.0,composite-like hypoeutectic microstructure comprised of a softer primary B2 phase and a harder eutectic mixture consisting of a C14 Laves and the B2 phases,vacuum arc melting,B2/C14 Laves,compressive,0.0,0.0,0.0,0.0,10.1016.j.matlet.2020.127372,Al0.2Cr0.1Nb0.15Ti0.2V0.25Zr0.1
860,0,539.0,46.0,0.5,10.1016.j.matlet.2021.129428,18.0,Al0.079 Nb0.263 Ti0.395 Zr0.263,BCC,WROUGHT,BCC,24.4,,6.0,,T,25.0,876.0,,23.0,,,97.0,,,,10.1016/j.matlet.2021.129428,2021.0,Ductile Ti1.5ZrNbAl0.3 refractory high entropy alloy with high specific strength,10.1016.j.matlet.2021.129428,Al0.079Nb0.263Ti0.395Zr0.263,Ti 1.5 ZrNbAl 0.3,876.0,24.4,0.0,0.0,0.0,0.0,23.0,0.0,disordered BCC structure without precipitation,"cast in vacuum melting furnace, cold-rolled, annealed at 800 °C and 600 °C",BCC,tensile,0.0,0.0,0.0,0.0,10.1016.j.matlet.2021.129428,Al0.079Nb0.263Ti0.395Zr0.263
862,0,551.0,756.0,0.375,10.1016.j.matlet.2021.129753,14.0,Mo0.213 Nb0.277 Ta0.213 Ti0.213 W0.085,BCC,CAST,BCC,,10.6,10.7,,C,20.0,1334.0,,38.9,,,198.0,,,,10.1016/j.matlet.2021.129753,2021.0,Ductile W0.4MoNbxTaTi refractory high-entropy alloys with excellent elevated temperature strength,10.1016.j.matlet.2021.129753,Mo0.213Nb0.277Ta0.213Ti0.213W0.085,W0.4MoNb1.3TaTi,1334.0,0.0,10.6,0.0,293.0,0.0,38.9,0.0,single BCC phase structure with dendritic substructure in coarse polygon crystal grains,vacuum arc melting,BCC,compression,0.0,0.0,0.0,0.0,10.1016.j.matlet.2021.129753,Mo0.213Nb0.277Ta0.213Ti0.213W0.085
863,1,552.0,768.0,0.375,10.1016.j.matlet.2021.129753,14.0,Mo0.222 Nb0.244 Ta0.222 Ti0.222 W0.089,BCC,CAST,BCC,,10.7,10.8,,C,20.0,1412.0,,32.1,,,202.0,,,,10.1016/j.matlet.2021.129753,2021.0,Ductile W0.4MoNbxTaTi refractory high-entropy alloys with excellent elevated temperature strength,10.1016.j.matlet.2021.129753,Mo0.222Nb0.244Ta0.222Ti0.222W0.089,W0.4MoNb1.1TaTi,1412.0,0.0,0.0,0.0,293.0,0.0,32.1,0.0,single BCC structures with large polygon grains containing dendritic substructure,as-cast,BCC,Compression,0.0,0.0,0.0,0.0,10.1016.j.matlet.2021.129753,Mo0.222Nb0.244Ta0.222Ti0.222W0.089
864,2,554.0,744.0,0.375,10.1016.j.matlet.2021.129753,14.0,Mo0.204 Nb0.306 Ta0.204 Ti0.204 W0.082,BCC,CAST,BCC,,10.5,10.6,,C,20.0,1312.0,,37.0,,,194.0,,,,10.1016/j.matlet.2021.129753,2021.0,Ductile W0.4MoNbxTaTi refractory high-entropy alloys with excellent elevated temperature strength,10.1016.j.matlet.2021.129753,Mo0.204Nb0.306Ta0.204Ti0.204W0.082,W0.4MoNb1.5TaTi,1312.0,0.0,0.0,0.0,293.0,0.0,37.0,0.0,single BCC structures with large polygon grains containing dendritic substructure,as-cast,BCC,Compression,0.0,0.0,0.0,0.0,10.1016.j.matlet.2021.129753,Mo0.204Nb0.306Ta0.204Ti0.204W0.082
880,0,111.0,902.0,0.375,10.1016.j.msea.2012.12.018,45.0,Nb0.25 Ti0.25 V0.25 Zr0.25,BCC,OTHER,BCC,550.0,,6.4,335.0,C,25.0,1105.0,,50.0,,,104.0,,,,10.1016/j.msea.2012.12.018,2013.0,"Mechanical properties of low-density, refractory multi-principal element alloys of the Cr‚ÄìNb‚ÄìTi‚ÄìV‚ÄìZr system",10.1016.j.msea.2012.12.018,Nb0.25Ti0.25V0.25Zr0.25,NbTiVZr,1105.0,0.0,6.52,0.0,298.0,0.0,0.0,0.0,disordered BCC solid solution phases,vacuum arc melting followed by hot isostatic pressing and homogenization,BCC,compression,0.0,0.0,0.0,0.0,10.1016.j.msea.2012.12.018,Nb0.25Ti0.25V0.25Zr0.25
881,1,112.0,868.0,0.375,10.1016.j.msea.2012.12.018,45.0,Nb0.2 Ti0.2 V0.4 Zr0.2,BCC,OTHER,BCC,550.0,,6.4,304.0,C,25.0,918.0,,50.0,,,109.0,,,,10.1016/j.msea.2012.12.018,2013.0,"Mechanical properties of low-density, refractory multi-principal element alloys of the Cr‚ÄìNb‚ÄìTi‚ÄìV‚ÄìZr system",10.1016.j.msea.2012.12.018,Nb0.2Ti0.2V0.4Zr0.2,NbTiV2Zr,918.0,0.0,6.34,0.0,298.0,0.0,0.0,0.0,mixture of three disordered BCC phases,vacuum arc melting followed by hot isostatic pressing and homogenization,BCC,compression,0.0,0.0,0.0,0.0,10.1016.j.msea.2012.12.018,Nb0.2Ti0.2V0.4Zr0.2
882,2,119.0,905.0,0.375,10.1016.j.msea.2012.12.018,45.0,Nb0.25 Ti0.25 V0.25 Zr0.25,BCC,OTHER,BCC,,,6.4,,C,1000.0,58.0,,50.0,,,104.0,,,,10.1016/j.msea.2012.12.018,2013.0,"Mechanical properties of low-density, refractory multi-principal element alloys of the Cr‚ÄìNb‚ÄìTi‚ÄìV‚ÄìZr system",10.1016.j.msea.2012.12.018,Nb0.25Ti0.25V0.25Zr0.25,NbTiVZr,58.0,0.0,6.52,0.0,1273.0,0.0,0.0,0.0,single-phase BCC structure,,BCC,compression,0.0,0.0,0.0,0.0,10.1016.j.msea.2012.12.018,Nb0.25Ti0.25V0.25Zr0.25
883,3,120.0,871.0,0.375,10.1016.j.msea.2012.12.018,45.0,Nb0.2 Ti0.2 V0.4 Zr0.2,BCC,OTHER,BCC,,,6.4,,C,1000.0,72.0,,50.0,,,109.0,,,,10.1016/j.msea.2012.12.018,2013.0,"Mechanical properties of low-density, refractory multi-principal element alloys of the Cr‚ÄìNb‚ÄìTi‚ÄìV‚ÄìZr system",10.1016.j.msea.2012.12.018,Nb0.2Ti0.2V0.4Zr0.2,NbTiV 2 Zr,72.0,0.0,6.34,0.0,1273.0,0.0,0.0,0.0,single-phase BCC structure,,BCC,compression,0.0,0.0,0.0,0.0,10.1016.j.msea.2012.12.018,Nb0.2Ti0.2V0.4Zr0.2
884,4,113.0,343.0,0.25,10.1016.j.msea.2012.12.018,45.0,Cr0.25 Nb0.25 Ti0.25 Zr0.25,BCC+Sec.,OTHER,other,,,6.7,418.0,C,25.0,1260.0,,6.0,,,142.0,,,,10.1016/j.msea.2012.12.018,2013.0,"Mechanical properties of low-density, refractory multi-principal element alloys of the Cr‚ÄìNb‚ÄìTi‚ÄìV‚ÄìZr system",10.1016.j.msea.2012.12.018,Cr0.25Nb0.25Ti0.25Zr0.25,CrNbTiZr,1260.0,0.0,6.67,0.0,298.0,0.0,0.0,0.0,disordered BCC phase and ordered FCC Laves phase,vacuum arc melting followed by hot isostatic pressing and homogenization,BCC/FCC,compression,0.0,0.0,0.0,0.0,10.1016.j.msea.2012.12.018,Cr0.25Nb0.25Ti0.25Zr0.25
885,5,114.0,305.0,0.25,10.1016.j.msea.2012.12.018,45.0,Cr0.2 Nb0.2 Ti0.2 V0.2 Zr0.2,BCC+Sec.,OTHER,other,,,6.6,482.0,C,25.0,1298.0,,3.0,,,139.0,,,,10.1016/j.msea.2012.12.018,2013.0,"Mechanical properties of low-density, refractory multi-principal element alloys of the Cr‚ÄìNb‚ÄìTi‚ÄìV‚ÄìZr system",10.1016.j.msea.2012.12.018,Cr0.2Nb0.2Ti0.2V0.2Zr0.2,CrNbTiVZr,1298.0,0.0,6.57,0.0,298.0,0.0,0.0,0.0,disordered BCC phase and ordered FCC Laves phase,vacuum arc melting followed by high isostatic pressing and homogenization,BCC/FCC,compression,0.0,0.0,0.0,0.0,10.1016.j.msea.2012.12.018,Cr0.2Nb0.2Ti0.2V0.2Zr0.2
886,6,115.0,307.0,0.25,10.1016.j.msea.2012.12.018,45.0,Cr0.2 Nb0.2 Ti0.2 V0.2 Zr0.2,BCC+Sec.,OTHER,other,,,6.6,,C,800.0,615.0,,50.0,,,139.0,,,,10.1016/j.msea.2012.12.018,2013.0,"Mechanical properties of low-density, refractory multi-principal element alloys of the Cr‚ÄìNb‚ÄìTi‚ÄìV‚ÄìZr system",10.1016.j.msea.2012.12.018,Cr0.2Nb0.2Ti0.2V0.2Zr0.2,CrNbTiVZr,615.0,0.0,0.0,0.0,1073.0,0.0,0.0,0.0,"The microstructure of the CrNbTiVZr alloy sample after 50% compression deformation at 1273 K shows surface bulging, with the bottom side deforming more extensively than the top part, likely due to a temperature gradient. Characteristic bands at grain boundaries and inside the grains are formed, consisting of fine, recrystallized grains with a fine duplex structure of second-phase precipitates and transformed matrix. The second-phase particles become larger and their volume fraction increases compared to the non-deformed sample. Both the matrix and second-phase particles have BCC crystal structures, with the particles having the same crystallographic orientations as the respective matrix grains.",compression deformation,BCC,compression,0.0,0.0,0.0,0.0,10.1016.j.msea.2012.12.018,Cr0.2Nb0.2Ti0.2V0.2Zr0.2
887,7,122.0,308.0,0.25,10.1016.j.msea.2012.12.018,45.0,Cr0.2 Nb0.2 Ti0.2 V0.2 Zr0.2,BCC+Sec.,OTHER,other,,,6.6,,C,1000.0,259.0,,50.0,,,139.0,,,,10.1016/j.msea.2012.12.018,2013.0,"Mechanical properties of low-density, refractory multi-principal element alloys of the Cr‚ÄìNb‚ÄìTi‚ÄìV‚ÄìZr system",10.1016.j.msea.2012.12.018,Cr0.2Nb0.2Ti0.2V0.2Zr0.2,CrNbTiVZr,259.0,0.0,6.57,0.0,1273.0,0.0,0.0,0.0,two phase (BCC plus Laves) structure,,BCC/Laves,compression,0.0,0.0,0.0,0.0,10.1016.j.msea.2012.12.018,Cr0.2Nb0.2Ti0.2V0.2Zr0.2
916,0,90.0,862.0,0.375,10.1016.j.msea.2016.07.102,95.0,Nb0.2 Ta0.2 Ti0.2 V0.2 W0.2,BCC,CAST,BCC,,,11.0,,C,25.0,1420.0,1800.0,20.0,,,189.0,,,,10.1016/j.msea.2016.07.102,2016.0,"NbTaV-(Ti,W) refractory high-entropy alloys: Experiments and modeling",10.1016.j.msea.2016.07.102,Nb0.2Ta0.2Ti0.2V0.2W0.2,NbTaTiVW,1420.0,0.0,0.0,0.0,0.0,0.0,20.0,0.0,dendritic,vacuum arc melting,BCC,compression,0.0,0.0,0.0,0.0,10.1016.j.msea.2016.07.102,Nb0.2Ta0.2Ti0.2V0.2W0.2
947,0,618.0,816.0,0.375,10.1016.j.msea.2017.12.004,89.0,Mo0.25 Nb0.25 Ta0.25 W0.25,BCC,CAST,BCC,,,13.7,,C,25.0,996.0,1148.0,,,,258.0,,,,10.1016/j.msea.2017.12.004,2018.0,Microstructures and mechanical properties of Ti NbMoTaW refractory high-entropy alloys,10.1016.j.msea.2017.12.004,Mo0.25Nb0.25Ta0.25W0.25,NbMoTaW,996.0,0.0,0.0,0.0,0.0,0.0,1.9,0.0,,vacuum arc melting,BCC,WDW-50 testing machine,0.0,0.0,0.0,0.0,10.1016.j.msea.2017.12.004,Mo0.25Nb0.25Ta0.25W0.25
948,1,619.0,721.0,0.375,10.1016.j.msea.2017.12.004,89.0,Mo0.2 Nb0.2 Ta0.2 Ti0.2 W0.2,BCC,CAST,BCC,,,11.9,507.5,C,25.0,1455.0,1910.0,,,,229.0,,,,10.1016/j.msea.2017.12.004,2018.0,Microstructures and mechanical properties of Ti NbMoTaW refractory high-entropy alloys,10.1016.j.msea.2017.12.004,Mo0.2Nb0.2Ta0.2Ti0.2W0.2,TiNbMoTaW,1455.0,0.0,0.0,0.0,0.0,0.0,11.5,0.0,,vacuum arc melting,BCC,WDW-50 testing machine,0.0,0.0,0.0,0.0,10.1016.j.msea.2017.12.004,Mo0.2Nb0.2Ta0.2Ti0.2W0.2
949,2,622.0,778.0,0.375,10.1016.j.msea.2017.12.004,89.0,Mo0.235 Nb0.235 Ta0.235 Ti0.059 W0.235,BCC,CAST,BCC,,,13.1,478.3,C,25.0,1109.0,1197.0,,,,249.0,,,,10.1016/j.msea.2017.12.004,2018.0,Microstructures and mechanical properties of Ti NbMoTaW refractory high-entropy alloys,10.1016.j.msea.2017.12.004,Mo0.235Nb0.235Ta0.235Ti0.059W0.235,Ti0.25 NbMoTaW,1109.0,0.0,0.0,0.0,0.0,1197.0,0.0,2.5,,as-cast,BCC,compressive,0.0,0.0,0.0,0.0,10.1016.j.msea.2017.12.004,Mo0.235Nb0.235Ta0.235Ti0.059W0.235
950,3,623.0,766.0,0.375,10.1016.j.msea.2017.12.004,89.0,Mo0.222 Nb0.222 Ta0.222 Ti0.111 W0.222,BCC,CAST,BCC,,,12.7,481.2,C,25.0,1211.0,1578.0,,,,242.0,,,,10.1016/j.msea.2017.12.004,2018.0,Microstructures and mechanical properties of Ti NbMoTaW refractory high-entropy alloys,10.1016.j.msea.2017.12.004,Mo0.222Nb0.222Ta0.222Ti0.111W0.222,Ti0.5 NbMoTaW,1211.0,0.0,0.0,0.0,0.0,1578.0,0.0,5.9,,as-cast,BCC,compressive,0.0,0.0,0.0,0.0,10.1016.j.msea.2017.12.004,Mo0.222Nb0.222Ta0.222Ti0.111W0.222
951,4,624.0,754.0,0.375,10.1016.j.msea.2017.12.004,89.0,Mo0.211 Nb0.211 Ta0.211 Ti0.158 W0.211,BCC,CAST,BCC,,,12.2,495.6,C,25.0,1304.0,1593.0,,,,235.0,,,,10.1016/j.msea.2017.12.004,2018.0,Microstructures and mechanical properties of Ti NbMoTaW refractory high-entropy alloys,10.1016.j.msea.2017.12.004,Mo0.211Nb0.211Ta0.211Ti0.158W0.211,Ti0.75 NbMoTaW,1304.0,0.0,0.0,0.0,0.0,1593.0,0.0,8.4,,as-cast,BCC,compressive,0.0,0.0,0.0,0.0,10.1016.j.msea.2017.12.004,Mo0.211Nb0.211Ta0.211Ti0.158W0.211
955,0,156.0,737.0,0.5,10.1016.j.msea.2017.12.021,94.0,Mo0.2 Nb0.2 Ta0.2 V0.2 W0.2,BCC,POWDER,BCC,,,12.2,,C,25.0,2612.0,3472.0,,,,232.0,,,,10.1016/j.msea.2017.12.021,2018.0,Ultra-high strength WNbMoTaV high-entropy alloys with fine grain structure fabricated by powder metallurgical process,10.1016.j.msea.2017.12.021,Mo0.2Nb0.2Ta0.2V0.2W0.2,WNbMoTaV,2612.0,0.0,0.0,0.0,25.0,0.0,8.8,0.0,BCC matrix with a small volume fraction of oxide inclusions,MA and SPS,BCC,Compressive,0.0,0.0,0.0,0.0,10.1016.j.msea.2017.12.021,Mo0.2Nb0.2Ta0.2V0.2W0.2
988,0,128.0,860.0,0.5,10.1016.j.msea.2020.139774,13.0,Nb0.167 Ti0.333 V0.167 Zr0.333,BCC,CAST,BCC,,6.1,6.1,,T,25.0,832.0,913.0,18.6,,,100.0,,,,10.1016/j.msea.2020.139774,2020.0,A single-phase V0.5Nb0.5ZrTi refractory high-entropy alloy with outstanding tensile properties,10.1016.j.msea.2020.139774,Nb0.167Ti0.333V0.167Zr0.333,V 0.5 Nb 0.5 ZrTi,832.0,50.0,6.1,0.0,0.0,913.0,0.0,18.6,BCC,"As-cast, homogenized",BCC,Tensile,0.0,0.0,0.0,0.0,10.1016.j.msea.2020.139774,Nb0.167Ti0.333V0.167Zr0.333
989,1,129.0,859.0,0.375,10.1016.j.msea.2020.139774,13.0,Nb0.167 Ti0.333 V0.167 Zr0.333,BCC,ANNEAL,BCC,,6.1,6.1,,T,25.0,787.0,827.0,21.9,,,100.0,,,,10.1016/j.msea.2020.139774,2020.0,A single-phase V0.5Nb0.5ZrTi refractory high-entropy alloy with outstanding tensile properties,10.1016.j.msea.2020.139774,Nb0.167Ti0.333V0.167Zr0.333,V 0.5 Nb 0.5 ZrTi,787.0,0.0,0.0,0.0,0.0,830.0,21.9,0.0,single BCC phase,vacuum arc melting,BCC,tensile,0.0,0.0,0.0,0.0,10.1016.j.msea.2020.139774,Nb0.167Ti0.333V0.167Zr0.333
1028,0,253.0,962.0,0.5,10.1016.j.msea.2021.141168,15.0,Ta0.333 Ti0.333 Zr0.333,BCC+BCC+Sec.,OTHER,other,320.0,9.56,9.2,,C,25.0,1671.0,,,,,123.0,70.0,20.0,210.0,10.1016/j.msea.2021.141168,2021.0,Microstructure and properties of an equiatomic TaTiZr alloy,10.1016.j.msea.2021.141168,Ta0.333Ti0.333Zr0.333,TaTiZr,1671.0,320.0,0.0,0.0,25.0,0.0,0.0,0.0,BCC,HIP,BCC,compression,0.0,0.0,0.0,0.0,10.1016.j.msea.2021.141168,Ta0.333Ti0.333Zr0.333
1067,0,109.0,943.0,0.5,10.1016.j.msea.2021.141908,1.0,Nb0.333 Ta0.333 V0.333,BCC,CAST,BCC,44.28,,10.4,,T,25.0,925.0,1048.0,24.0,,,140.0,,,,10.1016/j.msea.2021.141908,2021.0,Novel BCC VNbTa refractory multi-element alloys with superior tensile properties,10.1016.j.msea.2021.141908,Nb0.333Ta0.333V0.333,VNbTa,925.0,44.28,0.0,0.0,0.0,1050.0,26.0,0.0,BCC single phase,vacuum arc melting,BCC,tensile,0.0,0.0,0.0,0.0,10.1016.j.msea.2021.141908,Nb0.333Ta0.333V0.333
1100,0,598.0,918.0,0.375,10.1016.j.mtla.2021.101057,8.0,Nb0.3 Ti0.4 Zr0.3,BCC,CAST,BCC,,,6.3,,T,25.0,605.0,635.0,20.9,,,98.0,,,,10.1016/j.mtla.2021.101057,2021.0,Design and characterization of eutectic refractory high entropy alloys,10.1016.j.mtla.2021.101057,Nb0.3Ti0.4Zr0.3,Nb 30 Ti 40 Zr 30,605.0,0.0,0.0,0.0,22.0,0.0,20.9,0.0,single-phase bcc/B2,,BCC,tensile,0.0,0.0,0.0,0.0,10.1016.j.mtla.2021.101057,Nb0.3Ti0.4Zr0.3
1101,1,600.0,264.0,0.375,10.1016.j.mtla.2021.101057,8.0,Al0.28 Cr0.2 Nb0.15 Ti0.27 Zr0.1,Laves (C14)+B2,CAST,other,,,5.3,,C,800.0,810.0,,50.0,,,129.0,,,,10.1016/j.mtla.2021.101057,2021.0,Design and characterization of eutectic refractory high entropy alloys,10.1016.j.mtla.2021.101057,Al0.28Cr0.2Nb0.15Ti0.27Zr0.1,Al 28 Cr 20 Nb 15 Ti 27 Zr 10,810.0,0.0,0.0,0.0,800.0,1150.0,0.0,0.0,eutectic B2/C14 Laves phase structure,,,compression,0.0,0.0,0.0,0.0,10.1016.j.mtla.2021.101057,Al0.28Cr0.2Nb0.15Ti0.27Zr0.1
1144,0,160.0,121.0,0.25,10.1016.j.scriptamat.2019.07.033,3.0,Al0.143 Mo0.286 Ta0.286 Ti0.286,B2+BCC+Sec.,ANNEAL,other,,9.1,9.4,680.1,C,1000.0,969.0,,1.0,,,190.0,200.0,,,10.1016/j.scriptamat.2019.07.033,2019.0,Precipitation behaviour and mechanical properties of a novel Al0.5MoTaTi complex concentrated alloy,10.1016.j.scriptamat.2019.07.033,Al0.143Mo0.286Ta0.286Ti0.286,Al 0.5 MoTaTi,969.0,0.0,9.1,6.67,1273.0,973.0,1.0,0.0,"B2 (matrix), bcc (loops and cubes), TiO",SHT,B2/bcc,compression,0.0,200.0,0.0,0.0,10.1016.j.scriptamat.2019.07.033,Al0.143Mo0.286Ta0.286Ti0.286
1165,0,149.0,555.0,0.25,10.1016.j.scriptamat.2021.113919,13.0,Hf0.2 Nb0.2 Ta0.2 Ti0.2 Zr0.2,BCC,WROUGHT,BCC,,,9.9,,T,300.0,854.0,962.0,12.8,,,111.0,,,,10.1016/j.scriptamat.2021.113919,2021.0,On temperature and strain-rate dependence of flow serration in HfNbTaTiZr high-entropy alloy,10.1016.j.scriptamat.2021.113919,Hf0.2Nb0.2Ta0.2Ti0.2Zr0.2,HfNbTaTiZr,854.0,0.0,0.0,0.0,573.0,962.0,0.128,0.0,,,,uniaxial tensile,0.0,0.0,0.0,0.0,10.1016.j.scriptamat.2021.113919,Hf0.2Nb0.2Ta0.2Ti0.2Zr0.2
1166,1,150.0,556.0,0.25,10.1016.j.scriptamat.2021.113919,13.0,Hf0.2 Nb0.2 Ta0.2 Ti0.2 Zr0.2,BCC,WROUGHT,BCC,,,9.9,,T,400.0,759.0,930.0,14.1,,,111.0,,,,10.1016/j.scriptamat.2021.113919,2021.0,On temperature and strain-rate dependence of flow serration in HfNbTaTiZr high-entropy alloy,10.1016.j.scriptamat.2021.113919,Hf0.2Nb0.2Ta0.2Ti0.2Zr0.2,HfNbTaTiZr,759.0,0.0,0.0,0.0,673.0,930.0,0.141,0.0,,,,uniaxial tensile,0.0,0.0,0.0,0.0,10.1016.j.scriptamat.2021.113919,Hf0.2Nb0.2Ta0.2Ti0.2Zr0.2
1167,2,151.0,557.0,0.25,10.1016.j.scriptamat.2021.113919,13.0,Hf0.2 Nb0.2 Ta0.2 Ti0.2 Zr0.2,BCC,WROUGHT,BCC,,,9.9,,T,450.0,717.5,866.0,8.4,,,111.0,,,,10.1016/j.scriptamat.2021.113919,2021.0,On temperature and strain-rate dependence of flow serration in HfNbTaTiZr high-entropy alloy,10.1016.j.scriptamat.2021.113919,Hf0.2Nb0.2Ta0.2Ti0.2Zr0.2,HfNbTaTiZr,717.5,0.0,0.0,0.0,723.0,866.0,0.084,0.0,,,,uniaxial tensile,0.0,0.0,0.0,0.0,10.1016.j.scriptamat.2021.113919,Hf0.2Nb0.2Ta0.2Ti0.2Zr0.2
1168,3,152.0,558.0,0.25,10.1016.j.scriptamat.2021.113919,13.0,Hf0.2 Nb0.2 Ta0.2 Ti0.2 Zr0.2,BCC,WROUGHT,BCC,,,9.9,,T,500.0,722.4,924.0,9.8,,,111.0,,,,10.1016/j.scriptamat.2021.113919,2021.0,On temperature and strain-rate dependence of flow serration in HfNbTaTiZr high-entropy alloy,10.1016.j.scriptamat.2021.113919,Hf0.2Nb0.2Ta0.2Ti0.2Zr0.2,HfNbTaTiZr,722.4,0.0,0.0,0.0,773.0,924.0,0.098,0.0,,,,uniaxial tensile,0.0,0.0,0.0,0.0,10.1016.j.scriptamat.2021.113919,Hf0.2Nb0.2Ta0.2Ti0.2Zr0.2
1177,0,310.0,455.0,0.25,10.1016.j.scriptamat.2021.114225,29.0,Hf0.2 Nb0.1 Ti0.35 Zr0.35,BCC+Sec.,WROUGHT,other,10.0,,7.4,252.0,T,25.0,524.0,704.0,17.5,,70.5,90.0,,,,10.1016/j.scriptamat.2021.114225,2022.0,Strengthening mechanisms and microstructural evolution of ductile refractory medium-entropy alloy Hf20Nb10Ti35Zr35,10.1016.j.scriptamat.2021.114225,Hf0.2Nb0.1Ti0.35Zr0.35,Hf20Nb10Ti35Zr35,524.0,0.0,0.0,252.0,900.0,704.0,17.5,0.0,BCC,"vacuum arc melting, cold rolling, rapid heat treatment, water quenching",BCC,tensile,70.5,0.0,0.0,0.0,10.1016.j.scriptamat.2021.114225,Hf0.2Nb0.1Ti0.35Zr0.35
1185,0,173.0,186.0,0.375,10.1016.j.vacuum.2020.109614,4.0,Al0.2 Cr0.21 Mo0.27 Ti0.22 W0.1,BCC+Laves,CAST,other,,7.48,7.7,511.0,C,25.0,1245.0,,,,,228.0,,,,10.1016/j.vacuum.2020.109614,2020.0,Design of a low density refractory high entropy alloy in non-equiatomic W‚ÄìMo‚ÄìCr‚ÄìTi‚ÄìAl system,10.1016.j.vacuum.2020.109614,Al0.2Cr0.21Mo0.27Ti0.22W0.1,W 10 Mo 27 Cr 21 Ti 22 Al 20,1245.0,0.0,7.61,511.0,25.0,1310.0,7.7,0.0,,,,Tensile,0.0,0.0,0.0,0.0,10.1016.j.vacuum.2020.109614,Al0.2Cr0.21Mo0.27Ti0.22W0.1
1202,0,696.0,588.0,0.25,10.1038.s41563-020-0750-4,7.0,Hf0.24 Nb0.23 Ti0.38 V0.15,BCC,CAST,BCC,176.0,,7.8,,T,25.0,774.0,792.0,20.6,,,106.0,,,,10.1038/s41563-020-0750-4,2020.0,Natural-mixing guided design of refractory high-entropy alloys with as-cast tensile ductility,10.1038.s41563-020-0750-4,Hf0.24Nb0.23Ti0.38V0.15,Ti 38 V 15 Nb 23 Hf 24,774.0,0.0,0.0,0.0,0.0,792.0,20.6,0.0,fully equiaxed grain morphology with a single bcc-phase constitution,as-cast,bcc,ambient-temperature tensile properties,0.0,0.0,0.0,0.0,10.1038.s41563-020-0750-4,Hf0.24Nb0.23Ti0.38V0.15
1211,0,549.0,261.0,0.25,10.1080.02670836.2018.1446267,34.0,Al0.25 Nb0.25 Ti0.25 Zr0.25,B2,CAST,other,250.0,5.85,5.6,422.0,C,25.0,1509.0,,8.6,,,90.0,,,,10.1080/02670836.2018.1446267,2018.0,Microstructure and mechanical properties of a novel refractory AlNbTiZr high-entropy alloy,10.1080.02670836.2018.1446267,Al0.25Nb0.25Ti0.25Zr0.25,AlNbTiZr,1509.0,1.5,5.85,422.0,1473.0,1554.0,8.6,17.8,B2 matrix with hexagonal Zr5Al3-type second phase,homogenisation at 1473 K for 5 h,BCC,compression,0.0,0.0,0.0,0.0,10.1080.02670836.2018.1446267,Al0.25Nb0.25Ti0.25Zr0.25
1212,1,550.0,262.0,0.25,10.1080.02670836.2018.1446267,34.0,Al0.25 Nb0.25 Ti0.25 Zr0.25,B2+Sec.,ANNEAL,other,,,5.6,418.0,C,25.0,1579.0,,17.8,,,90.0,,,,10.1080/02670836.2018.1446267,2018.0,Microstructure and mechanical properties of a novel refractory AlNbTiZr high-entropy alloy,10.1080.02670836.2018.1446267,Al0.25Nb0.25Ti0.25Zr0.25,AlNbTiZr,1579.0,0.0,5.85,422.0,0.0,1862.0,17.8,0.0,B2 phase and Zr 5 Al 3 -type second phase,Homogenised,B2,Compression,0.0,0.0,0.0,0.0,10.1080.02670836.2018.1446267,Al0.25Nb0.25Ti0.25Zr0.25
1224,0,79.0,626.0,0.25,10.1080.21663831.2016.1221861,76.0,Hf0.275 Nb0.05 Ta0.05 Ti0.35 Zr0.275,BCC,WROUGHT,BCC,,,8.3,,T,25.0,540.0,995.0,,,,95.0,,,,10.1080/21663831.2016.1221861,2016.0,Design and tensile properties of a bcc Ti-rich high-entropy alloy with transformation-induced plasticity,10.1080.21663831.2016.1221861,Hf0.275Nb0.05Ta0.05Ti0.35Zr0.275,Ti35Zr27.5Hf27.5Nb5Ta5,540.0,0.0,0.0,0.0,0.0,995.0,23.0,0.0,"bcc single solid solution, stress-induced martensitic orthorhombic α phase",thermo-mechanical treatments on the as-cast alloy,bcc,Tensile,79.0,0.0,0.0,0.0,10.1080.21663831.2016.1221861,Hf0.275Nb0.05Ta0.05Ti0.35Zr0.275
1245,0,72.0,817.0,0.5,10.3390.e16020870,41.0,Mo0.25 Nb0.25 Ti0.25 V0.25,BCC,CAST,BCC,,,7.4,441.0,C,25.0,1200.0,2050.0,26.0,,,170.0,,,,10.3390/e16020870,2014.0,Microstructures and Crackling Noise of AlxNbTiMoV High Entropy Alloys,10.3390.e16020870,Mo0.25Nb0.25Ti0.25V0.25,Al0 NbTiMoV,1200.0,0.0,0.0,440.7,0.0,0.0,25.62,0.0,BCC,,BCC,,0.0,0.0,0.0,0.0,10.3390.e16020870,Mo0.25Nb0.25Ti0.25V0.25
1246,1,73.0,29.0,0.5,10.3390.e16020870,41.0,Al0.059 Mo0.235 Nb0.235 Ti0.235 V0.235,BCC,CAST,BCC,,,7.1,460.0,C,25.0,1250.0,1500.0,13.0,,,164.0,,,,10.3390/e16020870,2014.0,Microstructures and Crackling Noise of AlxNbTiMoV High Entropy Alloys,10.3390.e16020870,Al0.059Mo0.235Nb0.235Ti0.235V0.235,Al0.25 NbTiMoV,1250.0,0.0,0.0,460.1,0.0,0.0,12.91,0.0,BCC,,BCC,,0.0,0.0,0.0,0.0,10.3390.e16020870,Al0.059Mo0.235Nb0.235Ti0.235V0.235
1247,2,74.0,97.0,0.5,10.3390.e16020870,41.0,Al0.111 Mo0.222 Nb0.222 Ti0.222 V0.222,BCC,CAST,BCC,,,6.8,487.0,C,25.0,1625.0,1800.0,11.0,,,158.0,,,,10.3390/e16020870,2014.0,Microstructures and Crackling Noise of AlxNbTiMoV High Entropy Alloys,10.3390.e16020870,Al0.111Mo0.222Nb0.222Ti0.222V0.222,Al0.5 NbTiMoV,1625.0,0.0,0.0,486.5,0.0,0.0,11.25,0.0,BCC,,BCC,,0.0,0.0,0.0,0.0,10.3390.e16020870,Al0.111Mo0.222Nb0.222Ti0.222V0.222
1248,3,75.0,149.0,0.5,10.3390.e16020870,41.0,Al0.158 Mo0.211 Nb0.211 Ti0.211 V0.211,BCC,CAST,BCC,,,6.6,517.0,C,25.0,1260.0,1300.0,8.0,,,154.0,,,,10.3390/e16020870,2014.0,Microstructures and Crackling Noise of AlxNbTiMoV High Entropy Alloys,10.3390.e16020870,Al0.158Mo0.211Nb0.211Ti0.211V0.211,Al0.75 NbTiMoV,1260.0,0.0,0.0,516.6,0.0,0.0,7.5,0.0,BCC,,BCC,,0.0,0.0,0.0,0.0,10.3390.e16020870,Al0.158Mo0.211Nb0.211Ti0.211V0.211
1249,4,76.0,195.0,0.5,10.3390.e16020870,41.0,Al0.2 Mo0.2 Nb0.2 Ti0.2 V0.2,BCC,CAST,BCC,,,6.4,537.0,C,25.0,1375.0,1400.0,3.0,,,150.0,,,,10.3390/e16020870,2014.0,Microstructures and Crackling Noise of AlxNbTiMoV High Entropy Alloys,10.3390.e16020870,Al0.2Mo0.2Nb0.2Ti0.2V0.2,Al1 NbTiMoV,1375.0,0.0,0.0,536.6,0.0,0.0,2.5,0.0,BCC,,BCC,,0.0,0.0,0.0,0.0,10.3390.e16020870,Al0.2Mo0.2Nb0.2Ti0.2V0.2
1254,0,432.0,798.0,0.375,10.3390.e18050189,56.0,Mo0.25 Nb0.25 Ta0.25 V0.25,BCC,ANNEAL,BCC,200.0,,10.4,504.0,C,25.0,1525.0,2400.0,21.0,,,187.0,,,,10.3390/e18050189,2016.0,MoNbTaV Medium-Entropy Alloy,10.3390.e18050189,Mo0.25Nb0.25Ta0.25V0.25,MoNbTaV,1525.0,0.0,0.0,4947.0,0.0,0.0,0.0,0.0,,,BCC,,0.0,0.0,0.0,0.0,10.3390.e18050189,Mo0.25Nb0.25Ta0.25V0.25
1261,0,471.0,434.0,0.375,10.3390.e21010015,30.0,Hf0.2 Mo0.2 Nb0.2 Ta0.2 Ti0.2,BCC,CAST,BCC,,,10.7,,C,1400.0,367.0,,,,,163.0,,,,10.3390/e21010015,2018.0,"Effects of Mo, Nb, Ta, Ti, and Zr on Mechanical Properties of Equiatomic Hf-Mo-Nb-Ta-Ti-Zr Alloys",10.3390.e21010015,Hf0.2Mo0.2Nb0.2Ta0.2Ti0.2,HfMoNbTaTi,367.0,0.0,0.0,0.0,1400.0,0.0,27.0,0.0,,,,compressive,0.0,0.0,0.0,0.0,10.3390.e21010015,Hf0.2Mo0.2Nb0.2Ta0.2Ti0.2
1262,1,467.0,447.0,0.25,10.3390.e21010015,30.0,Hf0.2 Mo0.2 Nb0.2 Ti0.2 Zr0.2,BCC,CAST,BCC,,,8.6,,C,25.0,1351.0,,20.0,,,139.0,,,,10.3390/e21010015,2018.0,"Effects of Mo, Nb, Ta, Ti, and Zr on Mechanical Properties of Equiatomic Hf-Mo-Nb-Ta-Ti-Zr Alloys",10.3390.e21010015,Hf0.2Mo0.2Nb0.2Ti0.2Zr0.2,HfMoNbTiZr,1351.0,0.0,0.0,0.0,20.0,1698.0,17.0,0.0,,,,,0.0,0.0,0.0,0.0,10.3390.e21010015,Hf0.2Mo0.2Nb0.2Ti0.2Zr0.2
1263,2,468.0,436.0,0.25,10.3390.e21010015,30.0,Hf0.2 Mo0.2 Nb0.2 Ta0.2 Zr0.2,BCC,CAST,BCC,,,11.1,,C,25.0,1524.0,,16.0,,,153.0,,,,10.3390/e21010015,2018.0,"Effects of Mo, Nb, Ta, Ti, and Zr on Mechanical Properties of Equiatomic Hf-Mo-Nb-Ta-Ti-Zr Alloys",10.3390.e21010015,Hf0.2Mo0.2Nb0.2Ta0.2Zr0.2,HfMoNbTaZr,1524.0,0.0,0.0,0.0,20.0,1963.0,13.5,0.0,,,,,0.0,0.0,0.0,0.0,10.3390.e21010015,Hf0.2Mo0.2Nb0.2Ta0.2Zr0.2
1264,3,469.0,430.0,0.25,10.3390.e21010015,30.0,Hf0.2 Mo0.2 Nb0.2 Ta0.2 Ti0.2,BCC,CAST,BCC,,,10.7,,C,25.0,1369.0,,27.0,,,163.0,,,,10.3390/e21010015,2018.0,"Effects of Mo, Nb, Ta, Ti, and Zr on Mechanical Properties of Equiatomic Hf-Mo-Nb-Ta-Ti-Zr Alloys",10.3390.e21010015,Hf0.2Mo0.2Nb0.2Ta0.2Ti0.2,HfMoNbTaTi,1369.0,0.0,0.0,0.0,20.0,2094.0,25.0,0.0,,,,,0.0,0.0,0.0,0.0,10.3390.e21010015,Hf0.2Mo0.2Nb0.2Ta0.2Ti0.2
1306,0,565.0,422.0,0.25,10.4028.www.scientific.net.MSF.849.76,78.0,Hf0.182 Nb0.182 Si0.091 Ti0.182 V0.182 Zr0.182,BCC+Laves+Sec.,CAST,other,,,7.3,,C,25.0,1540.0,1643.0,16.8,,,94.0,,,,10.4028/www.scientific.net/MSF.849.76,2016.0,Microstructure and Mechanical Properties of a New Refractory HfNbSisub0.5/subTiVZr High Entropy Alloy,10.4028.www.scientific.net.MSF.849.76,Hf0.182Nb0.182Si0.091Ti0.182V0.182Zr0.182,HfNbSi0.5TiVZr,1540.0,0.0,7.75,464.0,0.0,0.0,0.0,0.0,bcc solid solution with little vanadium rich phase and fine intermetallic phase presented dendritic structure,induction levitation melting,BCC,compression,0.0,0.0,0.0,0.0,10.4028.www.scientific.net.MSF.849.76,Hf0.182Nb0.182Si0.091Ti0.182V0.182Zr0.182
1307,1,567.0,427.0,0.25,10.4028.www.scientific.net.MSF.849.76,78.0,Hf0.182 Nb0.182 Si0.091 Ti0.182 V0.182 Zr0.182,BCC+Laves+Sec.,CAST,other,,,7.3,,C,800.0,371.0,427.0,50.0,,,94.0,,,,10.4028/www.scientific.net/MSF.849.76,2016.0,Microstructure and Mechanical Properties of a New Refractory HfNbSisub0.5/subTiVZr High Entropy Alloy,10.4028.www.scientific.net.MSF.849.76,Hf0.182Nb0.182Si0.091Ti0.182V0.182Zr0.182,HfNbSi0.5TiVZr,371.0,0.0,7.75,464.0,0.0,0.0,0.0,0.0,,,,,0.0,0.0,0.0,0.0,10.4028.www.scientific.net.MSF.849.76,Hf0.182Nb0.182Si0.091Ti0.182V0.182Zr0.182
1314,0,366.0,824.0,0.375,10.4028.www.scientific.net.MSF.898.638,86.0,Mo0.25 Ta0.25 Ti0.25 V0.25,BCC,CAST,BCC,,,9.4,,C,25.0,1221.0,1454.0,,,,190.0,,,,10.4028/www.scientific.net/MSF.898.638,2017.0,Microstructure and Mechanical Properties of VTaTiMoAlsubx/sub Refractory High Entropy Alloys,10.4028.www.scientific.net.MSF.898.638,Mo0.25Ta0.25Ti0.25V0.25,VTaTiMoAl0,1221.0,0.0,0.0,433.2,0.0,1454.0,9.93,0.0,,,BCC,Compressive,0.0,0.0,0.0,0.0,10.4028.www.scientific.net.MSF.898.638,Mo0.25Ta0.25Ti0.25V0.25
1315,1,367.0,11.0,0.375,10.4028.www.scientific.net.MSF.898.638,86.0,Al0.048 Mo0.238 Ta0.238 Ti0.238 V0.238,BCC,CAST,BCC,,,9.1,,C,25.0,1021.0,1249.0,,,,184.0,,,,10.4028/www.scientific.net/MSF.898.638,2017.0,Microstructure and Mechanical Properties of VTaTiMoAlsubx/sub Refractory High Entropy Alloys,10.4028.www.scientific.net.MSF.898.638,Al0.048Mo0.238Ta0.238Ti0.238V0.238,VTaTiMoAl0.2,1021.0,0.0,0.0,450.0,0.0,1249.0,6.81,0.0,,,BCC,Compressive,0.0,0.0,0.0,0.0,10.4028.www.scientific.net.MSF.898.638,Al0.048Mo0.238Ta0.238Ti0.238V0.238
1316,2,368.0,120.0,0.375,10.4028.www.scientific.net.MSF.898.638,86.0,Al0.13 Mo0.217 Ta0.217 Ti0.217 V0.217,BCC,CAST,BCC,,,8.5,,C,25.0,962.0,1033.0,,,,174.0,,,,10.4028/www.scientific.net/MSF.898.638,2017.0,Microstructure and Mechanical Properties of VTaTiMoAlsubx/sub Refractory High Entropy Alloys,10.4028.www.scientific.net.MSF.898.638,Al0.13Mo0.217Ta0.217Ti0.217V0.217,VTaTiMoAl0.6,962.0,0.0,0.0,483.3,0.0,1033.0,4.2,0.0,,,BCC,Compressive,0.0,0.0,0.0,0.0,10.4028.www.scientific.net.MSF.898.638,Al0.13Mo0.217Ta0.217Ti0.217V0.217
