,index,extracted_idx,original_idx,match_strength,match_group,IDENTIFIER: Reference ID_original,FORMULA_original,PROPERTY: Microstructure_original,PROPERTY: Processing method_original,PROPERTY: BCC/FCC/other_original,PROPERTY: grain size ($\mu$m)_original,PROPERTY: Exp. Density (g/cm$^3$)_original,PROPERTY: Computed Density (g/cm$^3$)_original,PROPERTY: HV_original,PROPERTY: Type of test_original,PROPERTY: Test temperature ($^\circ$C)_original,PROPERTY: YS (MPa)_original,PROPERTY: UTS (MPa)_original,PROPERTY: Elongation (%)_original,PROPERTY: Elongation plastic (%)_original,PROPERTY: Exp. Young modulus (GPa)_original,PROPERTY: Computed Young modulus (GPa)_original,PROPERTY: O content (wppm)_original,PROPERTY: N content (wppm)_original,PROPERTY: C content (wppm)_original,REFERENCE: doi_original,REFERENCE: year_original,REFERENCE: title_original,processed_doi_original,normalized_formula_original,FORMULA_extracted,PROPERTY: Microstructure_extracted,PROPERTY: Processing method_extracted,PROPERTY: BCC/FCC/other_extracted,PROPERTY: grain size ($\mu$m)_extracted,PROPERTY: Exp. Density (g/cm$^3$)_extracted,PROPERTY: HV_extracted,PROPERTY: Type of test_extracted,PROPERTY: Test temperature ($^\circ$C)_extracted,PROPERTY: YS (MPa)_extracted,PROPERTY: UTS (MPa)_extracted,PROPERTY: Elongation (%)_extracted,PROPERTY: Elongation plastic (%)_extracted,PROPERTY: Exp. Young modulus (GPa)_extracted,PROPERTY: O content (wppm)_extracted,PROPERTY: N content (wppm)_extracted,PROPERTY: C content (wppm)_extracted,REFERENCE: doi_extracted,normalized_formula_extracted
13,0,163.0,639.0,0.5,10.1007.s00339-019-2484-1,15.0,Hf0.333 Ti0.333 Zr0.333,Other,CAST,other,,,8.1,211.0,C,25.0,773.0,,17.0,,,87.0,,,,10.1007/s00339-019-2484-1,2019.0,Effect of Sc and Y addition on the microstructure and properties of HCP-structured high-entropy alloys,10.1007.s00339-019-2484-1,Hf0.333Ti0.333Zr0.333,TiZrHf,single HCP,vacuum arc melting,other,,,211.0,compression,,773.0,,,17.0,,,,,10.1007.s00339-019-2484-1,Hf0.333Ti0.333Zr0.333
14,1,164.0,621.0,0.5,10.1007.s00339-019-2484-1,15.0,Hf0.25 Sc0.25 Ti0.25 Zr0.25,Other,CAST,other,,,6.8,233.0,C,25.0,1001.0,,21.9,,,84.0,,,,10.1007/s00339-019-2484-1,2019.0,Effect of Sc and Y addition on the microstructure and properties of HCP-structured high-entropy alloys,10.1007.s00339-019-2484-1,Hf0.25Sc0.25Ti0.25Zr0.25,TiZrHfSc,dual HCP (HCP1 + HCP2),vacuum arc melting,other,,,233.0,compression,,1001.0,,,21.9,,,,,10.1007.s00339-019-2484-1,Hf0.25Sc0.25Ti0.25Zr0.25
15,2,165.0,625.0,0.5,10.1007.s00339-019-2484-1,15.0,Hf0.25 Ti0.25 Y0.25 Zr0.25,Other,CAST,other,,,7.2,241.0,C,25.0,554.0,,17.7,,,82.0,,,,10.1007/s00339-019-2484-1,2019.0,Effect of Sc and Y addition on the microstructure and properties of HCP-structured high-entropy alloys,10.1007.s00339-019-2484-1,Hf0.25Ti0.25Y0.25Zr0.25,TiZrHfY,HCP + electride phase,vacuum arc melting,other,,,241.0,compression,,554.0,,,17.7,,,,,10.1007.s00339-019-2484-1,Hf0.25Ti0.25Y0.25Zr0.25
16,3,166.0,569.0,0.5,10.1007.s00339-019-2484-1,15.0,Hf0.2 Sc0.2 Ti0.2 Y0.2 Zr0.2,Other,CAST,other,,,6.4,256.0,C,25.0,793.0,,15.7,,,80.0,,,,10.1007/s00339-019-2484-1,2019.0,Effect of Sc and Y addition on the microstructure and properties of HCP-structured high-entropy alloys,10.1007.s00339-019-2484-1,Hf0.2Sc0.2Ti0.2Y0.2Zr0.2,TiZrHfScY,dual HCP + electride phase,vacuum arc melting,other,,,256.0,compression,,793.0,,,15.7,,,,,10.1007.s00339-019-2484-1,Hf0.2Sc0.2Ti0.2Y0.2Zr0.2
17,0,7.0,465.0,0.375,10.1007.s10853-012-6260-2,53.0,Hf0.2 Nb0.2 Ta0.2 Ti0.2 Zr0.2,BCC,OTHER,BCC,,,9.9,,C,25.0,929.0,,50.0,,,111.0,,,,10.1007/s10853-012-6260-2,2012.0,Microstructure and elevated temperature properties of a refractory TaNbHfZrTi alloy,10.1007.s10853-012-6260-2,Hf0.2Nb0.2Ta0.2Ti0.2Zr0.2,TaNbHfZrTi,single-phase body-centered cubic structure,"vacuum arc melting, HIPd, annealed",BCC,100.0,9.94,,compression,296.0,929.0,,,,,,,,10.1007.s10853-012-6260-2,Hf0.2Nb0.2Ta0.2Ti0.2Zr0.2
18,1,8.0,470.0,0.375,10.1007.s10853-012-6260-2,53.0,Hf0.2 Nb0.2 Ta0.2 Ti0.2 Zr0.2,BCC,OTHER,BCC,,,9.9,,C,1200.0,92.0,,50.0,,,111.0,,,,10.1007/s10853-012-6260-2,2012.0,Microstructure and elevated temperature properties of a refractory TaNbHfZrTi alloy,10.1007.s10853-012-6260-2,Hf0.2Nb0.2Ta0.2Ti0.2Zr0.2,TaNbHfZrTi,single-phase body-centered cubic structure,"vacuum arc melting, HIPd, annealed",BCC,200.0,9.94,,compression,1473.0,92.0,,,,,,,,10.1007.s10853-012-6260-2,Hf0.2Nb0.2Ta0.2Ti0.2Zr0.2
41,0,208.0,478.0,0.75,10.1007.s11661-018-4646-8,33.0,Hf0.2 Nb0.2 Ta0.2 Ti0.2 Zr0.2,BCC,OTHER,BCC,,,9.9,,T,25.0,1438.0,,,,91.5,111.0,,,,10.1007/s11661-018-4646-8,2018.0,Effect of Cold Deformation and Annealing on the Microstructure and Tensile Properties of a HfNbTaTiZr Refractory High Entropy Alloy,10.1007.s11661-018-4646-8,Hf0.2Nb0.2Ta0.2Ti0.2Zr0.2,HfNbTaTiZr,BCC,COLD WORKED,BCC,,,,TENSION,25.0,1438.0,,,5.0,,,,,10.1007.s11661-018-4646-8,Hf0.2Nb0.2Ta0.2Ti0.2Zr0.2
42,1,209.0,471.0,0.375,10.1007.s11661-018-4646-8,33.0,Hf0.2 Nb0.2 Ta0.2 Ti0.2 Zr0.2,BCC,OTHER,BCC,,,9.9,,T,25.0,1159.0,,,,99.2,111.0,,,,10.1007/s11661-018-4646-8,2018.0,Effect of Cold Deformation and Annealing on the Microstructure and Tensile Properties of a HfNbTaTiZr Refractory High Entropy Alloy,10.1007.s11661-018-4646-8,Hf0.2Nb0.2Ta0.2Ti0.2Zr0.2,HfNbTaTiZr,BCC1 matrix with BCC2 precipitates,ANNEALED,BCC1 and BCC2,,,,,,1159.0,,,,,,,,10.1007.s11661-018-4646-8,Hf0.2Nb0.2Ta0.2Ti0.2Zr0.2
78,0,47.0,201.0,0.5,10.1007.s11837-014-1066-0,39.0,Al0.2 Nb0.3 Ta0.1 Ti0.3 Zr0.1,BCC,OTHER,BCC,2000.0,,6.8,408.0,C,25.0,1280.0,1367.0,4.0,,,106.0,,,,10.1007/s11837-014-1066-0,2014.0,Microstructure and Properties of Aluminum-Containing Refractory High-Entropy Alloys,10.1007.s11837-014-1066-0,Al0.2Nb0.3Ta0.1Ti0.3Zr0.1,AlNb1.5Ta0.5Ti1.5Zr0.5,Single-phase BCC,Vacuum Arc Melting,BCC,,6.9,4.0,Compression,25,1280,,,3.5,,,,,10.1007.s11837-014-1066-0,Al0.2Nb0.3Ta0.1Ti0.3Zr0.1
79,1,48.0,47.0,0.5,10.1007.s11837-014-1066-0,39.0,Al0.08 Hf0.12 Nb0.2 Ta0.2 Ti0.2 Zr0.2,BCC,OTHER,BCC,140.0,,9.1,500.0,C,25.0,1841.0,2269.0,10.0,,,110.0,,,,10.1007/s11837-014-1066-0,2014.0,Microstructure and Properties of Aluminum-Containing Refractory High-Entropy Alloys,10.1007.s11837-014-1066-0,Al0.08Hf0.12Nb0.2Ta0.2Ti0.2Zr0.2,Al0.4Hf0.6NbTaTiZr,Single-phase BCC,Vacuum Arc Melting,BCC,,9.05,4.9,Compression,25,1841,,,10.0,,,,,10.1007.s11837-014-1066-0,Al0.08Hf0.12Nb0.2Ta0.2Ti0.2Zr0.2
80,2,50.0,33.0,0.5,10.1007.s11837-014-1066-0,39.0,Al0.06 Nb0.2 Ta0.16 Ti0.28 V0.04 Zr0.26,BCC,OTHER,BCC,180.0,,7.7,500.0,C,25.0,1965.0,2061.0,5.0,,,110.0,,,,10.1007/s11837-014-1066-0,2014.0,Microstructure and Properties of Aluminum-Containing Refractory High-Entropy Alloys,10.1007.s11837-014-1066-0,Al0.06Nb0.2Ta0.16Ti0.28V0.04Zr0.26,Al0.3NbTa0.8Ti1.4V0.2Zr1.3,Single-phase BCC,Vacuum Arc Melting,BCC,,7.8,4.9,Compression,25,1965,,,5.0,,,,,10.1007.s11837-014-1066-0,Al0.06Nb0.2Ta0.16Ti0.28V0.04Zr0.26
81,3,46.0,190.0,0.375,10.1007.s11837-014-1066-0,39.0,Al0.2 Mo0.1 Nb0.2 Ta0.1 Ti0.2 Zr0.2,BCC+B2,OTHER,other,75.0,,7.2,591.0,C,25.0,2000.0,2368.0,10.0,,,123.0,,,,10.1007/s11837-014-1066-0,2014.0,Microstructure and Properties of Aluminum-Containing Refractory High-Entropy Alloys,10.1007.s11837-014-1066-0,Al0.2Mo0.1Nb0.2Ta0.1Ti0.2Zr0.2,AlMo0.5NbTa0.5TiZr,Two-phase BCC,Vacuum Arc Melting,BCC,,7.4,5.8,Compression,25,2000,,,10.0,,,,,10.1007.s11837-014-1066-0,Al0.2Mo0.1Nb0.2Ta0.1Ti0.2Zr0.2
82,4,49.0,36.0,0.375,10.1007.s11837-014-1066-0,39.0,Al0.06 Nb0.2 Ta0.2 Ti0.28 Zr0.26,BCC+B2,OTHER,other,200.0,,8.2,490.0,C,25.0,1965.0,2054.0,5.0,,,113.0,,,,10.1007/s11837-014-1066-0,2014.0,Microstructure and Properties of Aluminum-Containing Refractory High-Entropy Alloys,10.1007.s11837-014-1066-0,Al0.06Nb0.2Ta0.2Ti0.28Zr0.26,Al0.3NbTaTi1.4Zr1.3,Two-phase BCC,Vacuum Arc Melting,BCC,,8.2,4.8,Compression,25,1965,,,5.0,,,,,10.1007.s11837-014-1066-0,Al0.06Nb0.2Ta0.2Ti0.28Zr0.26
83,5,51.0,85.0,0.375,10.1007.s11837-014-1066-0,39.0,Al0.1 Nb0.2 Ta0.16 Ti0.3 V0.04 Zr0.2,BCC+B2,OTHER,other,100.0,,7.5,530.0,C,25.0,2035.0,2105.0,5.0,,,111.0,,,,10.1007/s11837-014-1066-0,2014.0,Microstructure and Properties of Aluminum-Containing Refractory High-Entropy Alloys,10.1007.s11837-014-1066-0,Al0.1Nb0.2Ta0.16Ti0.3V0.04Zr0.2,Al0.5NbTa0.8Ti1.5V0.2Zr,Two-phase BCC,Vacuum Arc Melting,BCC,,7.4,5.2,Compression,25,2035,,,4.5,,,,,10.1007.s11837-014-1066-0,Al0.1Nb0.2Ta0.16Ti0.3V0.04Zr0.2
103,0,187.0,287.0,0.375,10.1007.s11837-020-04557-y,23.0,Cr0.2 Hf0.2 Nb0.2 Ta0.2 Ti0.2,BCC+BCC+Laves,CAST,other,,,10.0,,C,25.0,1258.0,,24.3,,,153.0,,,,10.1007/s11837-020-04557-y,2021.0,Microstructure and Mechanical Properties of a New Refractory Equiatomic CrHfNbTaTi High-Entropy Alloy,10.1007.s11837-020-04557-y,Cr0.2Hf0.2Nb0.2Ta0.2Ti0.2,CrHfNbTaTi,FCC+BCC,Arc-melting,FCC+BCC,,,,Compression,,1258.0,,,24.3,,,,,10.1007.s11837-020-04557-y,Cr0.2Hf0.2Nb0.2Ta0.2Ti0.2
104,1,188.0,288.0,0.375,10.1007.s11837-020-04557-y,23.0,Cr0.2 Hf0.2 Nb0.2 Ta0.2 Ti0.2,BCC+BCC+Laves,ANNEAL,other,,,10.0,,C,25.0,1366.0,,12.9,,,153.0,,,,10.1007/s11837-020-04557-y,2021.0,Microstructure and Mechanical Properties of a New Refractory Equiatomic CrHfNbTaTi High-Entropy Alloy,10.1007.s11837-020-04557-y,Cr0.2Hf0.2Nb0.2Ta0.2Ti0.2,CrHfNbTaTi,FCC+BCC,Arc-melting and Homogenization,FCC+BCC,,,,Compression,,1366.0,,,12.9,,,,,10.1007.s11837-020-04557-y,Cr0.2Hf0.2Nb0.2Ta0.2Ti0.2
117,0,252.0,378.0,0.625,10.1007.s40195-019-00921-3,142.0,Hf0.111 Ti0.444 V0.222 Zr0.222,BCC,CAST,BCC,,,6.3,338.3,C,25.0,1160.0,,50.0,,,104.0,,,,10.1007/s40195-019-00921-3,2019.0,A Novel Series of Refractory High-Entropy Alloys Ti2ZrHf0.5VNbx with High Specific Yield Strength and Good Ductility,10.1007.s40195-019-00921-3,Hf0.111Ti0.444V0.222Zr0.222,Ti2ZrHf0.5VNb0,BCC,ARC MELTING,BCC,,,,COMPRESSION,298,1160,,,>50,,,,,10.1007.s40195-019-00921-3,Hf0.111Ti0.444V0.222Zr0.222
144,0,1.0,285.0,0.5,10.1007.s40195-019-00935-x,136.0,Cr0.2 Fe0.2 Mo0.2 Nb0.2 Ti0.2,BCC+Laves,CAST,other,,,7.7,792.0,C,25.0,1647.0,,0.9,,,208.0,,,,10.1007/s40195-019-00935-x,2019.0,"Microstructure, Mechanical Properties, and Corrosion Behavior of MoNbFeCrV, MoNbFeCrTi, and MoNbFeVTi High-Entropy Alloys",10.1007.s40195-019-00935-x,Cr0.2Fe0.2Mo0.2Nb0.2Ti0.2,MoNbFeCrTi,BCC+Laves,VACUUM ARC MELTING,BCC,,,792.0,COMPRESSION,,1647.0,,,0.9,,,,,10.1007.s40195-019-00935-x,Cr0.2Fe0.2Mo0.2Nb0.2Ti0.2
145,1,0.0,286.0,0.375,10.1007.s40195-019-00935-x,136.0,Cr0.2 Fe0.2 Mo0.2 Nb0.2 V0.2,BCC+Laves,CAST,other,,,8.0,826.0,C,25.0,2663.0,,2.7,,,210.0,,,,10.1007/s40195-019-00935-x,2019.0,"Microstructure, Mechanical Properties, and Corrosion Behavior of MoNbFeCrV, MoNbFeCrTi, and MoNbFeVTi High-Entropy Alloys",10.1007.s40195-019-00935-x,Cr0.2Fe0.2Mo0.2Nb0.2V0.2,MoNbFeCrV,BCC+Laves+Sigma,VACUUM ARC MELTING,BCC,,,826.0,COMPRESSION,,2663.0,,,2.7,,,,,10.1007.s40195-019-00935-x,Cr0.2Fe0.2Mo0.2Nb0.2V0.2
161,0,96.0,603.0,0.5,10.1016.j.actamat.2016.01.018,87.0,Hf0.25 Nb0.25 Ta0.25 Zr0.25,BCC,CAST,BCC,,,11.3,365.0,C,25.0,1315.0,1800.0,21.6,,,109.0,,,,10.1016/j.actamat.2016.01.018,2016.0,Structural-disorder and its effect on mechanical properties in single-phase TaNbHfZr high-entropy alloy,10.1016.j.actamat.2016.01.018,Hf0.25Nb0.25Ta0.25Zr0.25,TaNbHfZr,BCC,Arc-melting,None,,,,Compression,Room temperature,1315,,,,,,,,10.1016.j.actamat.2016.01.018,Hf0.25Nb0.25Ta0.25Zr0.25
166,0,393.0,483.0,0.375,10.1016.j.actamat.2017.09.035,79.0,Hf0.2 Nb0.2 Ta0.2 Ti0.2 Zr0.2,BCC,OTHER,BCC,0.05,,9.9,420.0,T,25.0,1900.0,,7.9,,,111.0,,,,10.1016/j.actamat.2017.09.035,2018.0,,10.1016.j.actamat.2017.09.035,Hf0.2Nb0.2Ta0.2Ti0.2Zr0.2,TiZrNbHfTa,Single-Phase BCC HEA,HPT,BCC,,,,Tensile,,1900,,7.9,,,,,,10.1016.j.actamat.2017.09.035,Hf0.2Nb0.2Ta0.2Ti0.2Zr0.2
167,1,394.0,485.0,0.375,10.1016.j.actamat.2017.09.035,79.0,Hf0.2 Nb0.2 Ta0.2 Ti0.2 Zr0.2,BCC+HCP,OTHER,other,0.05,,9.9,530.0,T,25.0,1520.0,,1.7,,,111.0,,,,10.1016/j.actamat.2017.09.035,2018.0,,10.1016.j.actamat.2017.09.035,Hf0.2Nb0.2Ta0.2Ti0.2Zr0.2,TiZrNbHfTa,BCC and HCP phases after heat treatment,Annealing at 500 C for 1 hour,other,,,,Tensile,,1520,,1.7,,,,,,10.1016.j.actamat.2017.09.035,Hf0.2Nb0.2Ta0.2Ti0.2Zr0.2
168,2,395.0,484.0,0.375,10.1016.j.actamat.2017.09.035,79.0,Hf0.2 Nb0.2 Ta0.2 Ti0.2 Zr0.2,BCC+BCC+HCP,OTHER,other,0.1,,9.9,340.0,T,25.0,795.0,,5.0,,,111.0,,,,10.1016/j.actamat.2017.09.035,2018.0,,10.1016.j.actamat.2017.09.035,Hf0.2Nb0.2Ta0.2Ti0.2Zr0.2,TiZrNbHfTa,BCC and HCP phases after heat treatment,Annealing at 800 C for 1 hour,other,,,,Tensile,,795,,5.0,,,,,,10.1016.j.actamat.2017.09.035,Hf0.2Nb0.2Ta0.2Ti0.2Zr0.2
171,0,76.0,486.0,0.375,10.1016.j.actamat.2017.09.062,82.0,Hf0.2 Nb0.2 Ta0.2 Ti0.2 Zr0.2,BCC,WROUGHT,BCC,,,9.9,,T,25.0,940.0,1080.0,,,,111.0,,,,10.1016/j.actamat.2017.09.062,2018.0,Study of a bcc multi-principal element alloy: Tensile and simple shear properties and underlying deformation mechanisms,10.1016.j.actamat.2017.09.062,Hf0.2Nb0.2Ta0.2Ti0.2Zr0.2,TiZrNbHfTa,,,bcc,,,,tension,,940.0,,,,,,,,10.1016.j.actamat.2017.09.062,Hf0.2Nb0.2Ta0.2Ti0.2Zr0.2
173,0,146.0,875.0,0.5,10.1016.j.actamat.2018.08.053,2.0,Nb0.25 Ta0.25 Ti0.25 V0.25,BCC,ANNEAL,BCC,300.0,,9.0,,C,25.0,1273.0,,,,,134.0,,,,10.1016/j.actamat.2018.08.053,2018.0,Lattice distortion in a strong and ductile refractory high-entropy alloy,10.1016.j.actamat.2018.08.053,Nb0.25Ta0.25Ti0.25V0.25,NbTaTiV,single BCC,"vacuum arc-melting, homogenization",BCC,,,,compression,25.0,1273.0,,,,,,,,10.1016.j.actamat.2018.08.053,Nb0.25Ta0.25Ti0.25V0.25
174,1,147.0,880.0,0.5,10.1016.j.actamat.2018.08.053,2.0,Nb0.25 Ta0.25 Ti0.25 V0.25,BCC,ANNEAL,BCC,300.0,,9.0,,C,900.0,688.0,,,,,134.0,,,,10.1016/j.actamat.2018.08.053,2018.0,Lattice distortion in a strong and ductile refractory high-entropy alloy,10.1016.j.actamat.2018.08.053,Nb0.25Ta0.25Ti0.25V0.25,NbTaTiV,single BCC,"vacuum arc-melting, homogenization",BCC,,,,compression,900.0,688.0,,,,,,,,10.1016.j.actamat.2018.08.053,Nb0.25Ta0.25Ti0.25V0.25
232,0,287.0,172.0,0.75,10.1016.j.actamat.2019.06.032,68.0,Al0.2 Cr0.2 Mo0.2 Nb0.2 Ti0.2,BCC+Laves,ANNEAL,other,,6.56,6.6,,C,23.0,1010.0,,,,,180.0,,,,10.1016/j.actamat.2019.06.032,2019.0,High temperature strength of refractory complex concentrated alloys,10.1016.j.actamat.2019.06.032,Al0.2Cr0.2Mo0.2Nb0.2Ti0.2,AlCrMoNbTi,BCC+Laves,A,other,,6.56,,Compression,23,1010,,,,,,,,10.1016.j.actamat.2019.06.032,Al0.2Cr0.2Mo0.2Nb0.2Ti0.2
233,1,288.0,26.0,0.75,10.1016.j.actamat.2019.06.032,68.0,Al0.057 Nb0.236 Ti0.236 V0.236 Zr0.236,BCC+Laves,OTHER,other,,6.34,6.2,,C,23.0,1240.0,,,,,102.0,,,,10.1016/j.actamat.2019.06.032,2019.0,High temperature strength of refractory complex concentrated alloys,10.1016.j.actamat.2019.06.032,Al0.057Nb0.236Ti0.236V0.236Zr0.236,Al0.24NbTiVZr,BCC+Laves,HIP+A,other,,6.34,,Compression,23,1240,,,,,,,,10.1016.j.actamat.2019.06.032,Al0.057Nb0.236Ti0.236V0.236Zr0.236
234,2,294.0,923.0,0.75,10.1016.j.actamat.2019.06.032,68.0,Nb0.303 Ta0.091 Ti0.303 Zr0.303,BCC,OTHER,BCC,,7.81,7.4,,C,23.0,882.0,,,,,104.0,,,,10.1016/j.actamat.2019.06.032,2019.0,High temperature strength of refractory complex concentrated alloys,10.1016.j.actamat.2019.06.032,Nb0.303Ta0.091Ti0.303Zr0.303,NbTa0.3TiZr,BCC,HIP+A,BCC,,7.81,,Compression,23,882,,,,,,,,10.1016.j.actamat.2019.06.032,Nb0.303Ta0.091Ti0.303Zr0.303
265,0,175.0,567.0,0.375,10.1016.j.ijrmhm.2014.07.009,70.0,Hf0.2 Nb0.2 Ti0.2 V0.2 Zr0.2,BCC+Laves,CAST,other,,,7.8,,C,25.0,1170.0,1463.0,29.6,,,99.0,,,,10.1016/j.ijrmhm.2014.07.009,2014.0,Experimental and theoretical study of Ti20Zr20Hf20Nb20X20 (X=V or Cr) refractory high-entropy alloys,10.1016.j.ijrmhm.2014.07.009,Hf0.2Nb0.2Ti0.2V0.2Zr0.2,Ti20Zr20Hf20Nb20V20,BCC+Unknown phase+Laves phase,Casting,BCC,13.0,,,Compression,25.0,1170.0,,,30.0,128.0,,,,10.1016.j.ijrmhm.2014.07.009,Hf0.2Nb0.2Ti0.2V0.2Zr0.2
266,1,176.0,293.0,0.375,10.1016.j.ijrmhm.2014.07.009,70.0,Cr0.2 Hf0.2 Nb0.2 Ti0.2 Zr0.2,BCC+Laves,ANNEAL,other,,,8.0,,C,25.0,1322.0,1726.0,,,,129.0,,,,10.1016/j.ijrmhm.2014.07.009,2014.0,Experimental and theoretical study of Ti20Zr20Hf20Nb20X20 (X=V or Cr) refractory high-entropy alloys,10.1016.j.ijrmhm.2014.07.009,Cr0.2Hf0.2Nb0.2Ti0.2Zr0.2,Ti20Zr20Hf20Nb20Cr20,BCC+Cr2Nb+Cr2Hf,Casting,BCC,13.0,,,Compression,25.0,1322.0,,,2.0,112.0,,,,10.1016.j.ijrmhm.2014.07.009,Cr0.2Hf0.2Nb0.2Ti0.2Zr0.2
275,0,20.0,280.0,0.25,10.1016.j.ijrmhm.2019.02.009,109.0,Cr0.12 Mo0.2 Nb0.42 Ta0.01 Ti0.13 V0.12,BCC+Sec.,POWDER,other,0.075,8.02,8.0,741.0,C,25.0,2680.0,,,,,176.0,,,,10.1016/j.ijrmhm.2019.02.009,2019.0,"Fabrication, microstructure and mechanical property of a novel Nb-rich refractory high-entropy alloy strengthened by in-situ formation of dispersoids",10.1016.j.ijrmhm.2019.02.009,Cr0.12Mo0.2Nb0.42Ta0.01Ti0.13V0.12,Nb 42 Mo 20 Ti 13 Cr 12 V 12 Ta 1,BCC+TiC,SPS,BCC,327.0,8.02,741.0,Compression,,2680.0,,,,,,,,10.1016.j.ijrmhm.2019.02.009,Cr0.12Mo0.2Nb0.42Ta0.01Ti0.13V0.12
276,0,222.0,107.0,0.375,10.1016.j.ijrmhm.2019.105132,12.0,Al0.125 Nb0.25 Ta0.125 Ti0.25 Zr0.25,BCC+Sec.,POWDER,other,,,7.3,,C,25.0,1740.0,,14.0,,,104.0,,,,10.1016/j.ijrmhm.2019.105132,2020.0,Precipitation behavior and mechanical properties of a hot-worked TiNbTa0.5ZrAl0.5 refractory high entropy alloy,10.1016.j.ijrmhm.2019.105132,Al0.125Nb0.25Ta0.125Ti0.25Zr0.25,TiNbTa0.5ZrAl0.5,BCC+HCP,HOT FORGING,other,1.0,7.3,,COMPRESSION,,1740.0,,,12.0,,,,,10.1016.j.ijrmhm.2019.105132,Al0.125Nb0.25Ta0.125Ti0.25Zr0.25
286,0,98.0,846.0,0.625,10.1016.j.ijrmhm.2020.105195,4.0,Mo0.333 Nb0.333 Ta0.333,BCC,CAST,BCC,112.5,,11.8,516.6,C,25.0,999.0,,2.5,,,207.0,,,,10.1016/j.ijrmhm.2020.105195,2020.0,Comparative study of the microstructures and mechanical properties of laser metal deposited and vacuum arc melted refractory NbMoTa medium-entropy alloy,10.1016.j.ijrmhm.2020.105195,Mo0.333Nb0.333Ta0.333,NbMoTa,BCC,VAM,BCC,112.52,,,Compression,25.0,999.0,,,,,,,,10.1016.j.ijrmhm.2020.105195,Mo0.333Nb0.333Ta0.333
289,0,85.0,144.0,0.75,10.1016.j.ijrmhm.2020.105322,6.0,Al0.15 Hf0.15 Nb0.3 Ti0.4,B2,ANNEAL,other,,,6.8,,C,600.0,635.0,,50.0,,,100.0,,,,10.1016/j.ijrmhm.2020.105322,2020.0,A new refractory Ti-Nb-Hf-Al high entropy alloy strengthened by orthorhombic phase particles,10.1016.j.ijrmhm.2020.105322,Al0.15Hf0.15Nb0.3Ti0.4,Ti40Nb30Hf15Al15,B2,ANNEALED,other,,,,COMPRESSION,600.0,635.0,,,>50,,,,,10.1016.j.ijrmhm.2020.105322,Al0.15Hf0.15Nb0.3Ti0.4
290,1,84.0,143.0,0.625,10.1016.j.ijrmhm.2020.105322,6.0,Al0.15 Hf0.15 Nb0.3 Ti0.4,B2,ANNEAL,other,,,6.8,,C,25.0,830.0,,50.0,,,100.0,,,,10.1016/j.ijrmhm.2020.105322,2020.0,A new refractory Ti-Nb-Hf-Al high entropy alloy strengthened by orthorhombic phase particles,10.1016.j.ijrmhm.2020.105322,Al0.15Hf0.15Nb0.3Ti0.4,Ti40Nb30Hf15Al15,B2,ANNEALED,other,,,,COMPRESSION,22.0,830.0,,,>50,,,,,10.1016.j.ijrmhm.2020.105322,Al0.15Hf0.15Nb0.3Ti0.4
291,2,86.0,146.0,0.625,10.1016.j.ijrmhm.2020.105322,6.0,Al0.15 Hf0.15 Nb0.3 Ti0.4,BCC+Sec.,ANNEAL,other,,,6.8,,C,600.0,920.0,,50.0,,,100.0,,,,10.1016/j.ijrmhm.2020.105322,2020.0,A new refractory Ti-Nb-Hf-Al high entropy alloy strengthened by orthorhombic phase particles,10.1016.j.ijrmhm.2020.105322,Al0.15Hf0.15Nb0.3Ti0.4,Ti40Nb30Hf15Al15,B2/bcc+O-phase,ANNEALED,other,,,,COMPRESSION,600.0,920.0,,,>50,,,,,10.1016.j.ijrmhm.2020.105322,Al0.15Hf0.15Nb0.3Ti0.4
292,3,83.0,145.0,0.5,10.1016.j.ijrmhm.2020.105322,6.0,Al0.15 Hf0.15 Nb0.3 Ti0.4,BCC+Sec.,ANNEAL,other,,,6.8,,C,25.0,1250.0,,16.0,,,100.0,,,,10.1016/j.ijrmhm.2020.105322,2020.0,A new refractory Ti-Nb-Hf-Al high entropy alloy strengthened by orthorhombic phase particles,10.1016.j.ijrmhm.2020.105322,Al0.15Hf0.15Nb0.3Ti0.4,Ti40Nb30Hf15Al15,B2/bcc+O-phase,ANNEALED,other,,,,COMPRESSION,22.0,1250.0,,,16.0,,,,,10.1016.j.ijrmhm.2020.105322,Al0.15Hf0.15Nb0.3Ti0.4
344,0,359.0,808.0,0.625,10.1016.j.intermet.2011.01.004,57.0,Mo0.25 Nb0.25 Ta0.25 W0.25,BCC,CAST,BCC,,,13.7,,C,600.0,561.0,,40.0,,,258.0,,,,10.1016/j.intermet.2011.01.004,2011.0,Mechanical properties of Nb25Mo25Ta25W25 and V20Nb20Mo20Ta20W20 refractory high entropy alloys,10.1016.j.intermet.2011.01.004,Mo0.25Nb0.25Ta0.25W0.25,Nb25Mo25Ta25W25,single-phase BCC,vacuum arc-melting,BCC,,,,compression,600.0,561.0,,,,,,,,10.1016.j.intermet.2011.01.004,Mo0.25Nb0.25Ta0.25W0.25
345,1,360.0,813.0,0.625,10.1016.j.intermet.2011.01.004,57.0,Mo0.25 Nb0.25 Ta0.25 W0.25,BCC,CAST,BCC,,,13.7,,C,1600.0,405.0,,40.0,,,258.0,,,,10.1016/j.intermet.2011.01.004,2011.0,Mechanical properties of Nb25Mo25Ta25W25 and V20Nb20Mo20Ta20W20 refractory high entropy alloys,10.1016.j.intermet.2011.01.004,Mo0.25Nb0.25Ta0.25W0.25,Nb25Mo25Ta25W25,single-phase BCC,vacuum arc-melting,BCC,,,,compression,1600.0,405.0,,,,,,,,10.1016.j.intermet.2011.01.004,Mo0.25Nb0.25Ta0.25W0.25
346,2,362.0,730.0,0.625,10.1016.j.intermet.2011.01.004,57.0,Mo0.2 Nb0.2 Ta0.2 V0.2 W0.2,BCC,CAST,BCC,,,12.2,,C,600.0,862.0,,13.0,,,232.0,,,,10.1016/j.intermet.2011.01.004,2011.0,Mechanical properties of Nb25Mo25Ta25W25 and V20Nb20Mo20Ta20W20 refractory high entropy alloys,10.1016.j.intermet.2011.01.004,Mo0.2Nb0.2Ta0.2V0.2W0.2,V20Nb20Mo20Ta20W20,single-phase BCC,vacuum arc-melting,BCC,,,,compression,600.0,862.0,,,13.0,,,,,10.1016.j.intermet.2011.01.004,Mo0.2Nb0.2Ta0.2V0.2W0.2
347,3,363.0,735.0,0.625,10.1016.j.intermet.2011.01.004,57.0,Mo0.2 Nb0.2 Ta0.2 V0.2 W0.2,BCC,CAST,BCC,,,12.2,,C,1600.0,477.0,,40.0,,,232.0,,,,10.1016/j.intermet.2011.01.004,2011.0,Mechanical properties of Nb25Mo25Ta25W25 and V20Nb20Mo20Ta20W20 refractory high entropy alloys,10.1016.j.intermet.2011.01.004,Mo0.2Nb0.2Ta0.2V0.2W0.2,V20Nb20Mo20Ta20W20,single-phase BCC,vacuum arc-melting,BCC,,,,compression,1600.0,477.0,,,0.95,,,,,10.1016.j.intermet.2011.01.004,Mo0.2Nb0.2Ta0.2V0.2W0.2
348,4,358.0,807.0,0.375,10.1016.j.intermet.2011.01.004,57.0,Mo0.25 Nb0.25 Ta0.25 W0.25,BCC,CAST,BCC,200.0,,13.7,454.0,C,25.0,1058.0,1211.0,2.0,,,258.0,,,,10.1016/j.intermet.2011.01.004,2011.0,Mechanical properties of Nb25Mo25Ta25W25 and V20Nb20Mo20Ta20W20 refractory high entropy alloys,10.1016.j.intermet.2011.01.004,Mo0.25Nb0.25Ta0.25W0.25,Nb25Mo25Ta25W25,single-phase BCC,vacuum arc-melting,BCC,,,,compression,23.0,1058.0,,,2.1,,,,,10.1016.j.intermet.2011.01.004,Mo0.25Nb0.25Ta0.25W0.25
349,5,361.0,729.0,0.375,10.1016.j.intermet.2011.01.004,57.0,Mo0.2 Nb0.2 Ta0.2 V0.2 W0.2,BCC,CAST,BCC,80.0,,12.2,536.0,C,25.0,1246.0,1270.0,2.0,,,232.0,,,,10.1016/j.intermet.2011.01.004,2011.0,Mechanical properties of Nb25Mo25Ta25W25 and V20Nb20Mo20Ta20W20 refractory high entropy alloys,10.1016.j.intermet.2011.01.004,Mo0.2Nb0.2Ta0.2V0.2W0.2,V20Nb20Mo20Ta20W20,single-phase BCC,vacuum arc-melting,BCC,,,,compression,23.0,1246.0,,,1.7,,,,,10.1016.j.intermet.2011.01.004,Mo0.2Nb0.2Ta0.2V0.2W0.2
358,0,340.0,451.0,0.625,10.1016.j.intermet.2015.03.013,49.0,Hf0.2 Mo0.2 Ta0.2 Ti0.2 Zr0.2,BCC,CAST,BCC,,,10.3,542.0,C,25.0,1600.0,1743.0,4.0,,,155.0,,,,10.1016/j.intermet.2015.03.013,2015.0,Enhanced mechanical properties of HfMoTaTiZr and HfMoNbTaTiZr refractory high-entropy alloys,10.1016.j.intermet.2015.03.013,Hf0.2Mo0.2Ta0.2Ti0.2Zr0.2,HfMoTaTiZr,,,BCC,,,,Compression,25.0,1600.0,,,,,,,,10.1016.j.intermet.2015.03.013,Hf0.2Mo0.2Ta0.2Ti0.2Zr0.2
359,1,341.0,411.0,0.625,10.1016.j.intermet.2015.03.013,49.0,Hf0.167 Mo0.167 Nb0.167 Ta0.167 Ti0.167 Zr0.167,BCC,CAST,BCC,,,10.0,505.0,C,25.0,1512.0,,12.0,,,147.0,,,,10.1016/j.intermet.2015.03.013,2015.0,Enhanced mechanical properties of HfMoTaTiZr and HfMoNbTaTiZr refractory high-entropy alloys,10.1016.j.intermet.2015.03.013,Hf0.167Mo0.167Nb0.167Ta0.167Ti0.167Zr0.167,HfMoNbTaTiZr,,,BCC,,,,Compression,25.0,1512.0,,,,,,,,10.1016.j.intermet.2015.03.013,Hf0.167Mo0.167Nb0.167Ta0.167Ti0.167Zr0.167
367,0,396.0,268.0,0.5,10.1016.j.intermet.2015.09.011,47.0,C0.024 Hf0.122 Mo0.122 Nb0.244 Ti0.244 Zr0.244,BCC+Sec.,CAST,other,,,7.7,,C,25.0,1183.0,2139.0,38.0,,,,,,,10.1016/j.intermet.2015.09.011,2016.0,Microstructure and mechanical properties of in-situ MC-carbide particulates-reinforced refractory high-entropy Mo0.5NbHf0.5ZrTi matrix alloy composite,10.1016.j.intermet.2015.09.011,C0.024Hf0.122Mo0.122Nb0.244Ti0.244Zr0.244,Mo0.5NbHf0.5ZrTiC0.1,BCC+MC carbide,ARC MELTING,other,,,,Compression,,1183.0,,,,,,,,10.1016.j.intermet.2015.09.011,C0.024Hf0.122Mo0.122Nb0.244Ti0.244Zr0.244
379,0,21.0,712.0,0.625,10.1016.j.intermet.2017.01.007,91.0,Mo0.2 Nb0.2 Ta0.2 Ti0.2 W0.2,BCC,CAST,BCC,,,11.9,,C,25.0,1343.0,2005.0,,,,229.0,,,,10.1016/j.intermet.2017.01.007,2017.0,Effect of Ti additions on mechanical properties of NbMoTaW and VNbMoTaW refractory high entropy alloys,10.1016.j.intermet.2017.01.007,Mo0.2Nb0.2Ta0.2Ti0.2W0.2,TiNbMoTaW,Single BCC,Arc melting,BCC,,,,Compression,25.0,1343.0,,,14.1,,,,,10.1016.j.intermet.2017.01.007,Mo0.2Nb0.2Ta0.2Ti0.2W0.2
380,1,22.0,687.0,0.625,10.1016.j.intermet.2017.01.007,91.0,Mo0.167 Nb0.167 Ta0.167 Ti0.167 V0.167 W0.167,BCC,CAST,BCC,,,10.9,,C,25.0,1515.0,2135.0,,,,213.0,,,,10.1016/j.intermet.2017.01.007,2017.0,Effect of Ti additions on mechanical properties of NbMoTaW and VNbMoTaW refractory high entropy alloys,10.1016.j.intermet.2017.01.007,Mo0.167Nb0.167Ta0.167Ti0.167V0.167W0.167,TiVNbMoTaW,Single BCC,Arc melting,BCC,,,,Compression,25.0,1515.0,,,10.6,,,,,10.1016.j.intermet.2017.01.007,Mo0.167Nb0.167Ta0.167Ti0.167V0.167W0.167
391,0,151.0,955.0,0.75,10.1016.j.intermet.2019.01.004,8.0,Nb0.5 Ta0.5,BCC,CAST,BCC,,,12.6,,T,25.0,246.0,304.0,21.0,,,146.0,,,,10.1016/j.intermet.2019.01.004,2019.0,New ternary equi-atomic refractory medium-entropy alloys with tensile ductility: Hafnium versus titanium into NbTa-based solution,10.1016.j.intermet.2019.01.004,Nb0.5Ta0.5,NbTa,BCC,arc melting,BCC,,,,tensile,25.0,246.0,,,,,,,,10.1016.j.intermet.2019.01.004,Nb0.5Ta0.5
392,1,152.0,935.0,0.75,10.1016.j.intermet.2019.01.004,8.0,Nb0.333 Ta0.333 Ti0.333,BCC,CAST,BCC,,,9.9,,T,25.0,478.0,514.0,19.0,,,136.0,,,,10.1016/j.intermet.2019.01.004,2019.0,New ternary equi-atomic refractory medium-entropy alloys with tensile ductility: Hafnium versus titanium into NbTa-based solution,10.1016.j.intermet.2019.01.004,Nb0.333Ta0.333Ti0.333,TiNbTa,BCC,arc melting,BCC,,,,tensile,25.0,478.0,,,19.0,,,,,10.1016.j.intermet.2019.01.004,Nb0.333Ta0.333Ti0.333
393,2,153.0,636.0,0.75,10.1016.j.intermet.2019.01.004,8.0,Hf0.333 Nb0.333 Ta0.333,BCC,CAST,BCC,,,12.8,,T,25.0,847.0,889.0,10.0,,,123.0,,,,10.1016/j.intermet.2019.01.004,2019.0,New ternary equi-atomic refractory medium-entropy alloys with tensile ductility: Hafnium versus titanium into NbTa-based solution,10.1016.j.intermet.2019.01.004,Hf0.333Nb0.333Ta0.333,HfNbTa,BCC,arc melting,BCC,,,,tensile,25.0,847.0,,,10.0,,,,,10.1016.j.intermet.2019.01.004,Hf0.333Nb0.333Ta0.333
394,3,154.0,596.0,0.75,10.1016.j.intermet.2019.01.004,8.0,Hf0.25 Nb0.25 Ta0.25 Ti0.25,BCC,CAST,BCC,,,10.8,,T,25.0,663.0,709.0,11.0,,,121.0,,,,10.1016/j.intermet.2019.01.004,2019.0,New ternary equi-atomic refractory medium-entropy alloys with tensile ductility: Hafnium versus titanium into NbTa-based solution,10.1016.j.intermet.2019.01.004,Hf0.25Nb0.25Ta0.25Ti0.25,TiHfNbTa,BCC,arc melting,BCC,,,,tensile,25.0,663.0,,,11.0,,,,,10.1016.j.intermet.2019.01.004,Hf0.25Nb0.25Ta0.25Ti0.25
397,0,139.0,298.0,0.5,10.1016.j.intermet.2020.106928,6.0,Cr0.2 Mo0.2 Nb0.2 Ta0.2 W0.2,,CAST,other,,,12.4,,C,25.0,1056.0,1104.0,4.6,,,262.0,,,,10.1016/j.intermet.2020.106928,2020.0,"Influence of alloying elements on mechanical and electronic properties of NbMoTaWX (X¬†=¬†Cr, Zr, V, Hf and Re) refractory high entropy alloys",10.1016.j.intermet.2020.106928,Cr0.2Mo0.2Nb0.2Ta0.2W0.2,NbMoTaWCr,,,,,,,,,1056.0,,,,,,,,10.1016.j.intermet.2020.106928,Cr0.2Mo0.2Nb0.2Ta0.2W0.2
398,1,140.0,738.0,0.5,10.1016.j.intermet.2020.106928,6.0,Mo0.2 Nb0.2 Ta0.2 W0.2 Zr0.2,,CAST,other,,,12.3,,C,25.0,1480.0,1822.0,15.9,,,220.0,,,,10.1016/j.intermet.2020.106928,2020.0,"Influence of alloying elements on mechanical and electronic properties of NbMoTaWX (X¬†=¬†Cr, Zr, V, Hf and Re) refractory high entropy alloys",10.1016.j.intermet.2020.106928,Mo0.2Nb0.2Ta0.2W0.2Zr0.2,NbMoTaWZr,,,,,,,,,1480.0,,,,,,,,10.1016.j.intermet.2020.106928,Mo0.2Nb0.2Ta0.2W0.2Zr0.2
399,2,141.0,736.0,0.5,10.1016.j.intermet.2020.106928,6.0,Mo0.2 Nb0.2 Ta0.2 V0.2 W0.2,,CAST,other,,,12.2,,C,25.0,1460.0,1520.0,8.8,,,232.0,,,,10.1016/j.intermet.2020.106928,2020.0,"Influence of alloying elements on mechanical and electronic properties of NbMoTaWX (X¬†=¬†Cr, Zr, V, Hf and Re) refractory high entropy alloys",10.1016.j.intermet.2020.106928,Mo0.2Nb0.2Ta0.2V0.2W0.2,NbMoTaWV,,,,,,,,,1460.0,,,,,,,,10.1016.j.intermet.2020.106928,Mo0.2Nb0.2Ta0.2V0.2W0.2
400,3,142.0,435.0,0.5,10.1016.j.intermet.2020.106928,6.0,Hf0.2 Mo0.2 Nb0.2 Ta0.2 W0.2,,CAST,other,,,13.6,,C,25.0,1252.0,1252.0,5.7,,,222.0,,,,10.1016/j.intermet.2020.106928,2020.0,"Influence of alloying elements on mechanical and electronic properties of NbMoTaWX (X¬†=¬†Cr, Zr, V, Hf and Re) refractory high entropy alloys",10.1016.j.intermet.2020.106928,Hf0.2Mo0.2Nb0.2Ta0.2W0.2,NbMoTaWHf,,,,,,,,,1252.0,,,,,,,,10.1016.j.intermet.2020.106928,Hf0.2Mo0.2Nb0.2Ta0.2W0.2
403,0,124.0,349.0,0.5,10.1016.j.intermet.2021.107323,2.0,Cr0.333 Nb0.333 Ti0.333,BCC+Sec.,ANNEAL,other,120.0,,6.7,,C,25.0,1353.0,,4.2,,,167.0,174.4,26.0,26.0,10.1016/j.intermet.2021.107323,2021.0,"Microstructures and mechanical properties of CrNb, CrNbTi, and CrNbTaTi concentrated refractory alloys",10.1016.j.intermet.2021.107323,Cr0.333Nb0.333Ti0.333,CrNbTi,BCC matrix with Laves precipitates,arc melting and HIP,other,,,,compression,25.0,1353.0,,,,,,,,10.1016.j.intermet.2021.107323,Cr0.333Nb0.333Ti0.333
404,1,125.0,335.0,0.5,10.1016.j.intermet.2021.107323,2.0,Cr0.25 Nb0.25 Ta0.25 Ti0.25,BCC+Sec.,ANNEAL,other,50.0,,9.2,,C,25.0,515.0,,69.0,,,172.0,280.0,50.0,60.0,10.1016/j.intermet.2021.107323,2021.0,"Microstructures and mechanical properties of CrNb, CrNbTi, and CrNbTaTi concentrated refractory alloys",10.1016.j.intermet.2021.107323,Cr0.25Nb0.25Ta0.25Ti0.25,CrNbTaTi,BCC matrix and fine Laves precipitates,arc melting and HIP,other,,,,compression,25.0,515.0,,,,,,,,10.1016.j.intermet.2021.107323,Cr0.25Nb0.25Ta0.25Ti0.25
413,0,78.0,487.0,0.5,10.1016.j.jallcom.2014.11.064,40.0,Hf0.2 Nb0.2 Ta0.2 Ti0.2 Zr0.2,BCC,CAST,BCC,120.0,,9.9,295.0,C,25.0,1073.0,,50.0,,55.0,111.0,,,,10.1016/j.jallcom.2014.11.064,2015.0,Effect of Al addition on mechanical properties and microstructure of refractory AlxHfNbTaTiZr alloys,10.1016.j.jallcom.2014.11.064,Hf0.2Nb0.2Ta0.2Ti0.2Zr0.2,HfNbTaTiZr,BCC,Arc melting,BCC,,9.72,119,Compression,,1073,,,>50,55.0,,,,10.1016.j.jallcom.2014.11.064,Hf0.2Nb0.2Ta0.2Ti0.2Zr0.2
414,1,79.0,23.0,0.5,10.1016.j.jallcom.2014.11.064,40.0,Al0.057 Hf0.189 Nb0.189 Ta0.189 Ti0.189 Zr0.189,BCC,CAST,BCC,105.0,,9.5,353.0,C,25.0,1188.0,,50.0,,63.0,108.0,,,,10.1016/j.jallcom.2014.11.064,2015.0,Effect of Al addition on mechanical properties and microstructure of refractory AlxHfNbTaTiZr alloys,10.1016.j.jallcom.2014.11.064,Al0.057Hf0.189Nb0.189Ta0.189Ti0.189Zr0.189,Al0.3HfNbTaTiZr,BCC,Arc melting,BCC,,9.53,112,Compression,,1188,,,>50,63.0,,,,10.1016.j.jallcom.2014.11.064,Al0.057Hf0.189Nb0.189Ta0.189Ti0.189Zr0.189
415,2,80.0,56.0,0.5,10.1016.j.jallcom.2014.11.064,40.0,Al0.091 Hf0.182 Nb0.182 Ta0.182 Ti0.182 Zr0.182,BCC,CAST,BCC,86.0,,9.3,396.0,C,25.0,1302.0,,46.0,,97.0,107.0,,,,10.1016/j.jallcom.2014.11.064,2015.0,Effect of Al addition on mechanical properties and microstructure of refractory AlxHfNbTaTiZr alloys,10.1016.j.jallcom.2014.11.064,Al0.091Hf0.182Nb0.182Ta0.182Ti0.182Zr0.182,Al0.5HfNbTaTiZr,BCC,Arc melting,BCC,,9.34,109,Compression,,1302,,,46,97.0,,,,10.1016.j.jallcom.2014.11.064,Al0.091Hf0.182Nb0.182Ta0.182Ti0.182Zr0.182
416,3,81.0,119.0,0.5,10.1016.j.jallcom.2014.11.064,40.0,Al0.13 Hf0.174 Nb0.174 Ta0.174 Ti0.174 Zr0.174,BCC,CAST,BCC,89.0,,9.0,427.0,C,25.0,1415.0,2050.0,30.0,,102.0,105.0,,,,10.1016/j.jallcom.2014.11.064,2015.0,Effect of Al addition on mechanical properties and microstructure of refractory AlxHfNbTaTiZr alloys,10.1016.j.jallcom.2014.11.064,Al0.13Hf0.174Nb0.174Ta0.174Ti0.174Zr0.174,Al0.75HfNbTaTiZr,BCC,Arc melting,BCC,,9.27,106,Compression,,1415,,,30,102.0,,,,10.1016.j.jallcom.2014.11.064,Al0.13Hf0.174Nb0.174Ta0.174Ti0.174Zr0.174
417,4,82.0,153.0,0.25,10.1016.j.jallcom.2014.11.064,40.0,Al0.167 Hf0.167 Nb0.167 Ta0.167 Ti0.167 Zr0.167,BCC+Sec.,CAST,other,92.0,,8.7,441.0,C,25.0,1489.0,1900.0,21.0,,103.0,104.0,,,,10.1016/j.jallcom.2014.11.064,2015.0,Effect of Al addition on mechanical properties and microstructure of refractory AlxHfNbTaTiZr alloys,10.1016.j.jallcom.2014.11.064,Al0.167Hf0.167Nb0.167Ta0.167Ti0.167Zr0.167,AlHfNbTaTiZr,BCC,Arc melting,BCC,,8.91,102,Compression,,1489,,,21,103.0,,,,10.1016.j.jallcom.2014.11.064,Al0.167Hf0.167Nb0.167Ta0.167Ti0.167Zr0.167
418,0,168.0,488.0,0.5,10.1016.j.jallcom.2015.07.209,80.0,Hf0.2 Nb0.2 Ta0.2 Ti0.2 Zr0.2,BCC,WROUGHT,BCC,,,9.9,366.0,T,25.0,1202.0,1295.0,4.7,,,111.0,,,,10.1016/j.jallcom.2015.07.209,2015.0,Microstructure and properties of a refractory high-entropy alloy after cold working,10.1016.j.jallcom.2015.07.209,Hf0.2Nb0.2Ta0.2Ti0.2Zr0.2,HfNbTaTiZr,Single-phase BCC,Cold rolling,BCC,,,,Tensile,,1202.0,,,,,,,,10.1016.j.jallcom.2015.07.209,Hf0.2Nb0.2Ta0.2Ti0.2Zr0.2
419,1,170.0,489.0,0.5,10.1016.j.jallcom.2015.07.209,80.0,Hf0.2 Nb0.2 Ta0.2 Ti0.2 Zr0.2,BCC,WROUGHT,BCC,,,9.9,351.0,T,25.0,1145.0,1262.0,9.7,,,111.0,,,,10.1016/j.jallcom.2015.07.209,2015.0,Microstructure and properties of a refractory high-entropy alloy after cold working,10.1016.j.jallcom.2015.07.209,Hf0.2Nb0.2Ta0.2Ti0.2Zr0.2,HfNbTaTiZr,Single-phase BCC,Cold rolling and annealing at 1000°C,BCC,,,,Tensile,,1145.0,,,,,,,,10.1016.j.jallcom.2015.07.209,Hf0.2Nb0.2Ta0.2Ti0.2Zr0.2
420,2,169.0,490.0,0.375,10.1016.j.jallcom.2015.07.209,80.0,Hf0.2 Nb0.2 Ta0.2 Ti0.2 Zr0.2,BCC+BCC,WROUGHT,other,,,9.9,,T,25.0,1303.0,1334.0,,,,111.0,,,,10.1016/j.jallcom.2015.07.209,2015.0,Microstructure and properties of a refractory high-entropy alloy after cold working,10.1016.j.jallcom.2015.07.209,Hf0.2Nb0.2Ta0.2Ti0.2Zr0.2,HfNbTaTiZr,,Cold rolling and annealing at 800°C,Two-phase BCC,,,,Tensile,,1303.0,,,,,,,,10.1016.j.jallcom.2015.07.209,Hf0.2Nb0.2Ta0.2Ti0.2Zr0.2
421,0,192.0,204.0,0.625,10.1016.j.jallcom.2015.08.224,97.0,Al0.222 Cr0.111 Nb0.222 Ti0.222 V0.222,BCC,ANNEAL,BCC,,,5.7,,C,25.0,1300.0,1430.0,,,,124.0,,,,10.1016/j.jallcom.2015.08.224,2015.0,"Structure and mechanical properties of the AlCrxNbTiV (x¬†=¬†0, 0.5, 1, 1.5) high entropy alloys",10.1016.j.jallcom.2015.08.224,Al0.222Cr0.111Nb0.222Ti0.222V0.222,AlCr0.5NbTiV,BCC,Arc Melting and Homogenization,BCC,,5710.0,,Compression,22.0,1300.0,,,0.8,,,,,10.1016.j.jallcom.2015.08.224,Al0.222Cr0.111Nb0.222Ti0.222V0.222
422,1,193.0,182.0,0.625,10.1016.j.jallcom.2015.08.224,97.0,Al0.2 Cr0.2 Nb0.2 Ti0.2 V0.2,BCC+Laves,ANNEAL,other,,,5.8,,C,25.0,1550.0,1570.0,,,,140.0,,,,10.1016/j.jallcom.2015.08.224,2015.0,"Structure and mechanical properties of the AlCrxNbTiV (x¬†=¬†0, 0.5, 1, 1.5) high entropy alloys",10.1016.j.jallcom.2015.08.224,Al0.2Cr0.2Nb0.2Ti0.2V0.2,AlCrNbTiV,BCC+Laves,Arc Melting and Homogenization,other,,5820.0,,Compression,22.0,1550.0,,,0.4,,,,,10.1016.j.jallcom.2015.08.224,Al0.2Cr0.2Nb0.2Ti0.2V0.2
423,2,194.0,158.0,0.625,10.1016.j.jallcom.2015.08.224,97.0,Al0.182 Cr0.273 Nb0.182 Ti0.182 V0.182,BCC+Laves,ANNEAL,other,,,5.9,,C,25.0,1700.0,1700.0,,,,152.0,,,,10.1016/j.jallcom.2015.08.224,2015.0,"Structure and mechanical properties of the AlCrxNbTiV (x¬†=¬†0, 0.5, 1, 1.5) high entropy alloys",10.1016.j.jallcom.2015.08.224,Al0.182Cr0.273Nb0.182Ti0.182V0.182,AlCr1.5NbTiV,BCC+Laves,Arc Melting and Homogenization,other,,5900.0,,Compression,22.0,1700.0,,,0.0,,,,,10.1016.j.jallcom.2015.08.224,Al0.182Cr0.273Nb0.182Ti0.182V0.182
455,0,159.0,589.0,0.625,10.1016.j.jallcom.2016.10.014,75.0,Hf0.25 Mo0.125 Nb0.25 Ti0.25 V0.125,BCC,CAST,BCC,,,8.6,,C,25.0,1260.0,,,,,132.0,,,,10.1016/j.jallcom.2016.10.014,2017.0,Microstructure and mechanical properties of refractory HfMo0.5NbTiV0.5Six high-entropy composites,10.1016.j.jallcom.2016.10.014,Hf0.25Mo0.125Nb0.25Ti0.25V0.125,HfMo0.5NbTiV0.5,BCC,induction levitation melting,BCC,,,,compression,20,1260,,,35.0,,,,,10.1016.j.jallcom.2016.10.014,Hf0.25Mo0.125Nb0.25Ti0.25V0.125
456,1,160.0,570.0,0.5,10.1016.j.jallcom.2016.10.014,75.0,Hf0.213 Mo0.106 Nb0.213 Si0.149 Ti0.213 V0.106,BCC+Sec.,CAST,other,,,7.7,,C,25.0,2134.0,2242.0,,,,119.0,,,,10.1016/j.jallcom.2016.10.014,2017.0,Microstructure and mechanical properties of refractory HfMo0.5NbTiV0.5Six high-entropy composites,10.1016.j.jallcom.2016.10.014,Hf0.213Mo0.106Nb0.213Si0.149Ti0.213V0.106,HfMo0.5NbTiV0.5Si0.7,BCC + silicide,induction levitation melting,other,,,,compression,20,2134,,,9.2,,,,,10.1016.j.jallcom.2016.10.014,Hf0.213Mo0.106Nb0.213Si0.149Ti0.213V0.106
457,2,161.0,585.0,0.5,10.1016.j.jallcom.2016.10.014,75.0,Hf0.233 Mo0.116 Nb0.233 Si0.07 Ti0.233 V0.116,BCC+Sec.,CAST,other,,,8.2,,C,25.0,1617.0,2016.0,,,,126.0,,,,10.1016/j.jallcom.2016.10.014,2017.0,Microstructure and mechanical properties of refractory HfMo0.5NbTiV0.5Six high-entropy composites,10.1016.j.jallcom.2016.10.014,Hf0.233Mo0.116Nb0.233Si0.07Ti0.233V0.116,HfMo0.5NbTiV0.5Si0.3,BCC + silicide,induction levitation melting,other,,,,compression,20,1617,,,18.5,,,,,10.1016.j.jallcom.2016.10.014,Hf0.233Mo0.116Nb0.233Si0.07Ti0.233V0.116
458,3,162.0,573.0,0.5,10.1016.j.jallcom.2016.10.014,75.0,Hf0.222 Mo0.111 Nb0.222 Si0.111 Ti0.222 V0.111,BCC+Sec.,CAST,other,,,7.9,,C,25.0,1787.0,2052.0,,,,122.0,,,,10.1016/j.jallcom.2016.10.014,2017.0,Microstructure and mechanical properties of refractory HfMo0.5NbTiV0.5Six high-entropy composites,10.1016.j.jallcom.2016.10.014,Hf0.222Mo0.111Nb0.222Si0.111Ti0.222V0.111,HfMo0.5NbTiV0.5Si0.5,BCC + silicide,induction levitation melting,other,,,,compression,20,1787,,,11.9,,,,,10.1016.j.jallcom.2016.10.014,Hf0.222Mo0.111Nb0.222Si0.111Ti0.222V0.111
467,0,221.0,707.0,0.625,10.1016.j.jallcom.2016.11.188,90.0,Mo0.2 Nb0.2 Ta0.2 Ti0.2 V0.2,BCC,CAST,BCC,,,9.2,,C,25.0,1400.0,2450.0,,,,173.0,,,,10.1016/j.jallcom.2016.11.188,2017.0,Mechanical properties of refractory high-entropy alloys: Experiments and modeling,10.1016.j.jallcom.2016.11.188,Mo0.2Nb0.2Ta0.2Ti0.2V0.2,MoNbTaTiV,BCC,Arc-melted,BCC,,9.29,443.0,Compression,,1400.0,,,,,,,,10.1016.j.jallcom.2016.11.188,Mo0.2Nb0.2Ta0.2Ti0.2V0.2
473,0,5.0,272.0,0.375,10.1016.j.jallcom.2018.11.111,122.0,C0.111 Mo0.222 Nb0.222 Re0.111 Ta0.111 W0.222,BCC+Sec.,CAST,other,,,12.9,583.0,C,25.0,1202.0,,14.2,10.25,,,,,,10.1016/j.jallcom.2018.11.111,2019.0,"Microstructure evolution, mechanical properties and strengthening mechanism of refractory high-entropy alloy matrix composites with addition of TaC",10.1016.j.jallcom.2018.11.111,C0.111Mo0.222Nb0.222Re0.111Ta0.111W0.222,MoNbRe0.5W(TaC)0.5,BCC+eutectic,VACUUM ARC MELTING,BCC,,,,compressive,,1202.0,,,10.25,,,,,10.1016.j.jallcom.2018.11.111,C0.111Mo0.222Nb0.222Re0.111Ta0.111W0.222
474,1,6.0,273.0,0.375,10.1016.j.jallcom.2018.11.111,122.0,C0.128 Mo0.213 Nb0.213 Re0.106 Ta0.128 W0.213,BCC+Sec.,CAST,other,,,12.8,615.0,C,25.0,1241.0,,13.8,9.64,,,,,,10.1016/j.jallcom.2018.11.111,2019.0,"Microstructure evolution, mechanical properties and strengthening mechanism of refractory high-entropy alloy matrix composites with addition of TaC",10.1016.j.jallcom.2018.11.111,C0.128Mo0.213Nb0.213Re0.106Ta0.128W0.213,MoNbRe0.5W(TaC)0.6,BCC+eutectic,VACUUM ARC MELTING,BCC,,,,compressive,,1241.0,,,9.64,,,,,10.1016.j.jallcom.2018.11.111,C0.128Mo0.213Nb0.213Re0.106Ta0.128W0.213
521,0,93.0,419.0,0.5,10.1016.j.jallcom.2019.06.138,133.0,Hf0.167 Nb0.167 Ta0.167 Ti0.167 W0.167 Zr0.167,BCC+Laves,CAST,other,,,11.5,,C,1200.0,345.0,,35.0,,,161.0,,,,10.1016/j.jallcom.2019.06.138,2019.0,Microstructures and mechanical properties of HfNbTaTiZrW and HfNbTaTiZrMoW refractory high-entropy alloys,10.1016.j.jallcom.2019.06.138,Hf0.167Nb0.167Ta0.167Ti0.167W0.167Zr0.167,HfNbTaTiZrW,Dual BCC,Arc Melting,BCC,,,,Compression,1200.0,345.0,,,,,,,,10.1016.j.jallcom.2019.06.138,Hf0.167Nb0.167Ta0.167Ti0.167W0.167Zr0.167
522,1,94.0,389.0,0.5,10.1016.j.jallcom.2019.06.138,133.0,Hf0.143 Mo0.143 Nb0.143 Ta0.143 Ti0.143 W0.143 Zr0.143,BCC+Laves,CAST,other,,,11.3,,C,1200.0,703.0,,35.0,,,185.0,,,,10.1016/j.jallcom.2019.06.138,2019.0,Microstructures and mechanical properties of HfNbTaTiZrW and HfNbTaTiZrMoW refractory high-entropy alloys,10.1016.j.jallcom.2019.06.138,Hf0.143Mo0.143Nb0.143Ta0.143Ti0.143W0.143Zr0.143,HfNbTaTiZrMoW,Dual BCC,Arc Melting,BCC,,,,Compression,1200.0,703.0,,,,,,,,10.1016.j.jallcom.2019.06.138,Hf0.143Mo0.143Nb0.143Ta0.143Ti0.143W0.143Zr0.143
570,0,183.0,760.0,0.375,10.1016.j.jallcom.2020.154301,8.0,Mo0.222 Nb0.222 Re0.111 Ta0.222 W0.222,BCC+Sec.,CAST,other,56.0,,14.5,567.0,C,25.0,1147.0,1465.0,7.01,,,281.0,,,,10.1016/j.jallcom.2020.154301,2020.0,Microstructure and mechanical properties of RexNbMoTaW high-entropy alloys prepared by arc melting using metal powders,10.1016.j.jallcom.2020.154301,Mo0.222Nb0.222Re0.111Ta0.222W0.222,Re0.5NbMoTaW,BCC+particle,ARC MELTING,BCC,,,,COMPRESSION,25.0,1147.0,,,7.0,,,,,10.1016.j.jallcom.2020.154301,Mo0.222Nb0.222Re0.111Ta0.222W0.222
599,0,100.0,717.0,0.625,10.1016.j.jallcom.2020.157542,16.0,Mo0.2 Nb0.2 Ta0.2 Ti0.2 W0.2,BCC,CAST,BCC,,,11.9,,C,25.0,1600.0,,13.6,,,229.0,,,,10.1016/j.jallcom.2020.157542,2021.0,Titanium alloying enhancement of mechanical properties of NbTaMoW refractory high-Entropy alloy: First-principles and experiments perspective,10.1016.j.jallcom.2020.157542,Mo0.2Nb0.2Ta0.2Ti0.2W0.2,NbMoTaWTi,BCC,Arc melting,BCC,,,,Compression,Room Temperature,1600,,,Greater than NbMoTaW alloy,,,,,10.1016.j.jallcom.2020.157542,Mo0.2Nb0.2Ta0.2Ti0.2W0.2
602,0,398.0,936.0,0.5,10.1016.j.jallcom.2020.158003,10.0,Nb0.333 Ta0.333 Ti0.333,BCC,ANNEAL,BCC,400.0,10.09,9.9,,C,25.0,724.0,,,,,136.0,112.0,391.0,132.0,10.1016/j.jallcom.2020.158003,2021.0,"Microstructure, mechanical properties and oxidation behavior of NbTaTi and NbTaZr refractory alloys",10.1016.j.jallcom.2020.158003,Nb0.333Ta0.333Ti0.333,NbTaTi,BCC+precipitation,HIP,BCC,,10.09,,compression,25,724,,,,,,,,10.1016.j.jallcom.2020.158003,Nb0.333Ta0.333Ti0.333
622,0,365.0,946.0,0.75,10.1016.j.jallcom.2021.159740,20.0,Nb0.333 Ta0.333 W0.333,BCC,CAST,BCC,,,14.8,,C,25.0,1298.0,1460.0,16.2,,,234.0,,,,10.1016/j.jallcom.2021.159740,2021.0,"Mechanical Performance of (NbTaW)1-xMox (x=0, 0.05, 0.15, 0.25) Refractory High Entropy Alloys: Perspective from Experiments and First Principles Calculations",10.1016.j.jallcom.2021.159740,Nb0.333Ta0.333W0.333,NbTaW,BCC,ARC MELTED,BCC,,,4023.0,COMPRESSION,25.0,1298.0,,,16.2,,,,,10.1016.j.jallcom.2021.159740,Nb0.333Ta0.333W0.333
649,0,195.0,323.0,0.5,10.1016.j.jmst.2020.07.012,20.0,Cr0.25 Mo0.25 Nb0.25 V0.25,BCC+Sec.,POWDER,other,2.07,,8.0,8.03,C,25.0,2743.0,,9.9,,,210.0,,,,10.1016/j.jmst.2020.07.012,2021.0,"Superior mechanical properties and strengthening mechanisms of lightweight AlxCrNbVMo refractory high-entropy alloys (x = 0, 0.5, 1.0) fabricated by the powder metallurgy process",10.1016.j.jmst.2020.07.012,Cr0.25Mo0.25Nb0.25V0.25,CrNbVMo,single BCC,powder metallurgical process,BCC,2.07,,,compressive,25.0,2743.0,,,,,,,,10.1016.j.jmst.2020.07.012,Cr0.25Mo0.25Nb0.25V0.25
650,1,198.0,324.0,0.375,10.1016.j.jmst.2020.07.012,20.0,Cr0.25 Mo0.25 Nb0.25 V0.25,BCC+Sec.,POWDER,other,2.07,,8.0,8.03,C,1000.0,1513.0,,16.4,,,210.0,,,,10.1016/j.jmst.2020.07.012,2021.0,"Superior mechanical properties and strengthening mechanisms of lightweight AlxCrNbVMo refractory high-entropy alloys (x = 0, 0.5, 1.0) fabricated by the powder metallurgy process",10.1016.j.jmst.2020.07.012,Cr0.25Mo0.25Nb0.25V0.25,CrNbVMo,,,,,,,compressive,1000.0,1513.0,,,,,,,,10.1016.j.jmst.2020.07.012,Cr0.25Mo0.25Nb0.25V0.25
657,0,317.0,461.0,0.25,10.1016.j.jmst.2020.10.073,11.0,Hf0.2 Nb0.2 Ta0.2 Ti0.2 V0.2,BCC,CAST,BCC,290.0,,9.8,,C,25.0,1350.0,,45.0,,,123.0,,,,10.1016/j.jmst.2020.10.073,2021.0,A novel HfNbTaTiV high-entropy alloy of superior mechanical properties designed on the principle of maximum lattice distortion,10.1016.j.jmst.2020.10.073,Hf0.2Nb0.2Ta0.2Ti0.2V0.2,HfNbTaTiV,,,,,,,,,1350,,,,,,,,10.1016.j.jmst.2020.10.073,Hf0.2Nb0.2Ta0.2Ti0.2V0.2
667,0,68.0,371.0,0.625,10.1016.j.matchar.2021.111287,5.0,Hf0.1 Nb0.1 Ti0.4 V0.2 Zr0.2,BCC,CAST,BCC,,6.68,6.5,309.8,C,25.0,915.0,,50.0,,,104.0,,,,10.1016/j.matchar.2021.111287,2021.0,The mechanical and oxidation properties of novel B2-ordered Ti2ZrHf0.5VNb0.5Alx refractory high-entropy alloys,10.1016.j.matchar.2021.111287,Hf0.1Nb0.1Ti0.4V0.2Zr0.2,Ti2ZrHf0.5VNb0.5Al0,BCC,ARC-MELTING,BCC,,,,COMPRESSION,RT,915.0,,,,,,,,10.1016.j.matchar.2021.111287,Hf0.1Nb0.1Ti0.4V0.2Zr0.2
668,1,71.0,150.0,0.5,10.1016.j.matchar.2021.111287,5.0,Al0.167 Hf0.083 Nb0.083 Ti0.333 V0.167 Zr0.167,B2,CAST,other,,6.07,5.9,460.0,C,25.0,1410.0,,15.1,,,98.0,,,,10.1016/j.matchar.2021.111287,2021.0,The mechanical and oxidation properties of novel B2-ordered Ti2ZrHf0.5VNb0.5Alx refractory high-entropy alloys,10.1016.j.matchar.2021.111287,Al0.167Hf0.083Nb0.083Ti0.333V0.167Zr0.167,Ti2ZrHf0.5VNb0.5Al1,B2,ARC-MELTING,B2,,,,COMPRESSION,RT,1410.0,,,15.1,,,,,10.1016.j.matchar.2021.111287,Al0.167Hf0.083Nb0.083Ti0.333V0.167Zr0.167
669,2,72.0,151.0,0.5,10.1016.j.matchar.2021.111287,5.0,Al0.167 Hf0.083 Nb0.083 Ti0.333 V0.167 Zr0.167,B2,CAST,other,,,5.9,,C,600.0,1088.0,,,,,98.0,,,,10.1016/j.matchar.2021.111287,2021.0,The mechanical and oxidation properties of novel B2-ordered Ti2ZrHf0.5VNb0.5Alx refractory high-entropy alloys,10.1016.j.matchar.2021.111287,Al0.167Hf0.083Nb0.083Ti0.333V0.167Zr0.167,Ti2ZrHf0.5VNb0.5Al1,B2,ARC-MELTING,B2,,,,COMPRESSION,873,1088.0,,,,,,,,10.1016.j.matchar.2021.111287,Al0.167Hf0.083Nb0.083Ti0.333V0.167Zr0.167
670,3,73.0,152.0,0.5,10.1016.j.matchar.2021.111287,5.0,Al0.167 Hf0.083 Nb0.083 Ti0.333 V0.167 Zr0.167,B2,CAST,other,,,5.9,,C,800.0,278.0,,,,,98.0,,,,10.1016/j.matchar.2021.111287,2021.0,The mechanical and oxidation properties of novel B2-ordered Ti2ZrHf0.5VNb0.5Alx refractory high-entropy alloys,10.1016.j.matchar.2021.111287,Al0.167Hf0.083Nb0.083Ti0.333V0.167Zr0.167,Ti2ZrHf0.5VNb0.5Al1,B2,ARC-MELTING,B2,,,,COMPRESSION,1073,278.0,,,,,,,,10.1016.j.matchar.2021.111287,Al0.167Hf0.083Nb0.083Ti0.333V0.167Zr0.167
689,0,39.0,442.0,0.625,10.1016.j.matdes.2015.05.019,50.0,Hf0.2 Mo0.2 Nb0.2 Ti0.2 Zr0.2,BCC,CAST,BCC,,,8.6,,C,25.0,1719.0,1803.0,10.0,,,139.0,,,,10.1016/j.matdes.2015.05.019,2015.0,Microstructure and mechanical properties of refractory MoNbHfZrTi high-entropy alloy,10.1016.j.matdes.2015.05.019,Hf0.2Mo0.2Nb0.2Ti0.2Zr0.2,MoNbHfZrTi,BCC,As-cast,BCC,,,,Compression,296,1719,,,,,,,,10.1016.j.matdes.2015.05.019,Hf0.2Mo0.2Nb0.2Ti0.2Zr0.2
690,1,40.0,443.0,0.625,10.1016.j.matdes.2015.05.019,50.0,Hf0.2 Mo0.2 Nb0.2 Ti0.2 Zr0.2,BCC,ANNEAL,BCC,,,8.6,,C,25.0,1575.0,1640.0,9.0,,,139.0,,,,10.1016/j.matdes.2015.05.019,2015.0,Microstructure and mechanical properties of refractory MoNbHfZrTi high-entropy alloy,10.1016.j.matdes.2015.05.019,Hf0.2Mo0.2Nb0.2Ti0.2Zr0.2,MoNbHfZrTi,BCC,Homogenized,BCC,,,,Compression,296,1575,,,,,,,,10.1016.j.matdes.2015.05.019,Hf0.2Mo0.2Nb0.2Ti0.2Zr0.2
691,2,41.0,444.0,0.625,10.1016.j.matdes.2015.05.019,50.0,Hf0.2 Mo0.2 Nb0.2 Ti0.2 Zr0.2,BCC,ANNEAL,BCC,,,8.6,,C,800.0,825.0,1095.0,50.0,,,139.0,,,,10.1016/j.matdes.2015.05.019,2015.0,Microstructure and mechanical properties of refractory MoNbHfZrTi high-entropy alloy,10.1016.j.matdes.2015.05.019,Hf0.2Mo0.2Nb0.2Ti0.2Zr0.2,MoNbHfZrTi,BCC,As-cast,BCC,,,,Compression,1073,825,,,,,,,,10.1016.j.matdes.2015.05.019,Hf0.2Mo0.2Nb0.2Ti0.2Zr0.2
692,3,43.0,445.0,0.625,10.1016.j.matdes.2015.05.019,50.0,Hf0.2 Mo0.2 Nb0.2 Ti0.2 Zr0.2,BCC,ANNEAL,BCC,,,8.6,,C,1000.0,635.0,654.0,50.0,,,139.0,,,,10.1016/j.matdes.2015.05.019,2015.0,Microstructure and mechanical properties of refractory MoNbHfZrTi high-entropy alloy,10.1016.j.matdes.2015.05.019,Hf0.2Mo0.2Nb0.2Ti0.2Zr0.2,MoNbHfZrTi,BCC,As-cast,BCC,,,,Compression,1273,635,,,,,,,,10.1016.j.matdes.2015.05.019,Hf0.2Mo0.2Nb0.2Ti0.2Zr0.2
693,4,45.0,446.0,0.625,10.1016.j.matdes.2015.05.019,50.0,Hf0.2 Mo0.2 Nb0.2 Ti0.2 Zr0.2,BCC,ANNEAL,BCC,,,8.6,,C,1200.0,187.0,194.0,50.0,,,139.0,,,,10.1016/j.matdes.2015.05.019,2015.0,Microstructure and mechanical properties of refractory MoNbHfZrTi high-entropy alloy,10.1016.j.matdes.2015.05.019,Hf0.2Mo0.2Nb0.2Ti0.2Zr0.2,MoNbHfZrTi,BCC,As-cast,BCC,,,,Compression,1473,187,,,,,,,,10.1016.j.matdes.2015.05.019,Hf0.2Mo0.2Nb0.2Ti0.2Zr0.2
696,0,121.0,666.0,0.625,10.1016.j.matdes.2015.06.072,58.0,Mo0.083 Nb0.278 Ti0.278 V0.083 Zr0.278,BCC,ANNEAL,BCC,,,6.8,,C,25.0,1312.0,,,50.0,,118.0,,,,10.1016/j.matdes.2015.06.072,2015.0,Phase composition and solid solution strengthening effect in TiZrNbMoV high-entropy alloys,10.1016.j.matdes.2015.06.072,Mo0.083Nb0.278Ti0.278V0.083Zr0.278,TiZrNbMo0.3V0.3,BCC,Casting,BCC,,,,Compression,Room temperature,1312.0,,,>50,,,,,10.1016.j.matdes.2015.06.072,Mo0.083Nb0.278Ti0.278V0.083Zr0.278
714,0,54.0,247.0,0.75,10.1016.j.matdes.2017.11.033,77.0,Al0.25 Nb0.25 Ta0.125 Ti0.25 Zr0.125,B2,OTHER,other,,,6.8,,C,1000.0,535.0,542.0,,,,104.0,,,,10.1016/j.matdes.2017.11.033,2018.0,Compositional variation effects on the microstructure and properties of a refractory high-entropy superalloy AlMo0.5NbTa0.5TiZr,10.1016.j.matdes.2017.11.033,Al0.25Nb0.25Ta0.125Ti0.25Zr0.125,AlNbTa0.5TiZr0.5,B2,,other,,,,Compression,1000,535,,,,,,,,10.1016.j.matdes.2017.11.033,Al0.25Nb0.25Ta0.125Ti0.25Zr0.125
753,0,281.0,617.0,0.625,10.1016.j.matlet.2014.05.134,55.0,Hf0.25 Nb0.25 Ti0.25 Zr0.25,BCC,CAST,BCC,,,8.2,,T,25.0,879.0,969.0,,14.9,,92.0,,,,10.1016/j.matlet.2014.05.134,2014.0,A refractory Hf25Nb25Ti25Zr25 high-entropy alloy with excellent structural stability and tensile properties,10.1016.j.matlet.2014.05.134,Hf0.25Nb0.25Ti0.25Zr0.25,Hf25Nb25Ti25Zr25,BCC,cast,BCC,,,,tensile,,879.0,969.0,,14.9,,,,,10.1016.j.matlet.2014.05.134,Hf0.25Nb0.25Ti0.25Zr0.25
754,0,307.0,255.0,0.625,10.1016.j.matlet.2014.11.162,43.0,Al0.25 Nb0.25 Ti0.25 V0.25,BCC,ANNEAL,BCC,,,5.5,,C,600.0,810.0,1050.0,,12.0,,105.0,,,,10.1016/j.matlet.2014.11.162,2015.0,Structure and mechanical properties of a light-weight AlNbTiV high entropy alloy,10.1016.j.matlet.2014.11.162,Al0.25Nb0.25Ti0.25V0.25,AlNbTiV,coarse-grained,arc melting,BCC,,5.59,4315.0,compressive,600.0,810.0,,,12.0,,,,,10.1016.j.matlet.2014.11.162,Al0.25Nb0.25Ti0.25V0.25
755,1,308.0,256.0,0.625,10.1016.j.matlet.2014.11.162,43.0,Al0.25 Nb0.25 Ti0.25 V0.25,BCC,ANNEAL,BCC,,,5.5,,C,800.0,685.0,,,50.0,,105.0,,,,10.1016/j.matlet.2014.11.162,2015.0,Structure and mechanical properties of a light-weight AlNbTiV high entropy alloy,10.1016.j.matlet.2014.11.162,Al0.25Nb0.25Ti0.25V0.25,AlNbTiV,coarse-grained,arc melting,BCC,,5.59,4315.0,compressive,800.0,685.0,,,,,,,,10.1016.j.matlet.2014.11.162,Al0.25Nb0.25Ti0.25V0.25
756,2,309.0,257.0,0.625,10.1016.j.matlet.2014.11.162,43.0,Al0.25 Nb0.25 Ti0.25 V0.25,BCC,ANNEAL,BCC,,,5.5,,C,1000.0,158.0,,,50.0,,105.0,,,,10.1016/j.matlet.2014.11.162,2015.0,Structure and mechanical properties of a light-weight AlNbTiV high entropy alloy,10.1016.j.matlet.2014.11.162,Al0.25Nb0.25Ti0.25V0.25,AlNbTiV,coarse-grained,arc melting,BCC,,5.59,4315.0,compressive,1000.0,158.0,,,,,,,,10.1016.j.matlet.2014.11.162,Al0.25Nb0.25Ti0.25V0.25
757,3,306.0,254.0,0.375,10.1016.j.matlet.2014.11.162,43.0,Al0.25 Nb0.25 Ti0.25 V0.25,BCC,ANNEAL,BCC,350.0,,5.5,448.0,C,25.0,1020.0,1318.0,,5.0,,105.0,,,,10.1016/j.matlet.2014.11.162,2015.0,Structure and mechanical properties of a light-weight AlNbTiV high entropy alloy,10.1016.j.matlet.2014.11.162,Al0.25Nb0.25Ti0.25V0.25,AlNbTiV,coarse-grained,arc melting,BCC,,5.59,4315.0,compressive,20.0,1020.0,,,5.0,,,,,10.1016.j.matlet.2014.11.162,Al0.25Nb0.25Ti0.25V0.25
762,0,74.0,577.0,0.5,10.1016.j.matlet.2016.03.092,51.0,Hf0.222 Nb0.222 Si0.111 Ti0.222 V0.222,BCC+Sec.,CAST,other,,,7.5,490.0,C,25.0,1399.0,1608.0,11.0,,,100.0,,,,10.1016/j.matlet.2016.03.092,2016.0,Microstructure and mechanical properties of a refractory HfNbTiVSi0.5 high-entropy alloy composite,10.1016.j.matlet.2016.03.092,Hf0.222Nb0.222Si0.111Ti0.222V0.222,HfNbTiVSi0.5,BCC + silicide,levitation melting,BCC,,8.6,490,compression,25,1399,,,10.9,,,,,10.1016.j.matlet.2016.03.092,Hf0.222Nb0.222Si0.111Ti0.222V0.222
765,0,13.0,429.0,0.625,10.1016.j.matlet.2016.03.133,48.0,Hf0.19 Mo0.048 Nb0.19 Ta0.19 Ti0.19 Zr0.19,BCC,CAST,BCC,,,9.9,395.0,C,25.0,1112.0,,50.0,,96.0,121.0,,,,10.1016/j.matlet.2016.03.133,2016.0,Solution strengthening of ductile refractory HfMoxNbTaTiZr high-entropy alloys,10.1016.j.matlet.2016.03.133,Hf0.19Mo0.048Nb0.19Ta0.19Ti0.19Zr0.19,HfMo0.25NbTaTiZr,BCC,Arc Melting,BCC,,,,Compression,,1112.0,,,,,,,,10.1016.j.matlet.2016.03.133,Hf0.19Mo0.048Nb0.19Ta0.19Ti0.19Zr0.19
766,1,14.0,421.0,0.625,10.1016.j.matlet.2016.03.133,48.0,Hf0.182 Mo0.091 Nb0.182 Ta0.182 Ti0.182 Zr0.182,BCC,CAST,BCC,,,9.9,480.0,C,25.0,1317.0,,50.0,,102.0,130.0,,,,10.1016/j.matlet.2016.03.133,2016.0,Solution strengthening of ductile refractory HfMoxNbTaTiZr high-entropy alloys,10.1016.j.matlet.2016.03.133,Hf0.182Mo0.091Nb0.182Ta0.182Ti0.182Zr0.182,HfMo0.5NbTaTiZr,BCC,Arc Melting,BCC,,,,Compression,,1317.0,,,,,,,,10.1016.j.matlet.2016.03.133,Hf0.182Mo0.091Nb0.182Ta0.182Ti0.182Zr0.182
767,2,15.0,420.0,0.625,10.1016.j.matlet.2016.03.133,48.0,Hf0.174 Mo0.13 Nb0.174 Ta0.174 Ti0.174 Zr0.174,BCC,CAST,BCC,,,10.0,492.0,C,25.0,1373.0,,50.0,,109.0,139.0,,,,10.1016/j.matlet.2016.03.133,2016.0,Solution strengthening of ductile refractory HfMoxNbTaTiZr high-entropy alloys,10.1016.j.matlet.2016.03.133,Hf0.174Mo0.13Nb0.174Ta0.174Ti0.174Zr0.174,HfMo0.75NbTaTiZr,BCC,Arc Melting,BCC,,,,Compression,,1373.0,,,,,,,,10.1016.j.matlet.2016.03.133,Hf0.174Mo0.13Nb0.174Ta0.174Ti0.174Zr0.174
771,0,246.0,537.0,0.5,10.1016.j.matlet.2016.08.060,81.0,Hf0.2 Nb0.2 Ta0.2 Ti0.2 Zr0.2,BCC,WROUGHT,BCC,,,9.9,,T,25.0,958.0,974.0,,,,111.0,,,,10.1016/j.matlet.2016.08.060,2016.0,Simultaneously increasing the strength and ductility of a refractory high-entropy alloy via grain refining,10.1016.j.matlet.2016.08.060,Hf0.2Nb0.2Ta0.2Ti0.2Zr0.2,HfNbTaTiZr,BCC,Vacuum-Arc-Melting,BCC,38.0,,,Tensile,,958.0,,20.0,1.23,81.0,,,,10.1016.j.matlet.2016.08.060,Hf0.2Nb0.2Ta0.2Ti0.2Zr0.2
774,0,179.0,61.0,0.625,10.1016.j.matlet.2016.11.030,96.0,Al0.1 Cr0.2 Nb0.2 Ti0.4 V0.1,BCC+Laves,ANNEAL,other,,,5.8,,C,600.0,930.0,,,,,143.0,,,,10.1016/j.matlet.2016.11.030,2017.0,Precipitation-strengthened refractory Al 0.5 CrNbTi 2 V 0.5 high entropy alloy,10.1016.j.matlet.2016.11.030,Al0.1Cr0.2Nb0.2Ti0.4V0.1,Al0.5CrNbTi2V0.5,BCC+Laves,CAST+ANNEALED,BCC,,,,COMPRESSION,600.0,930.0,,,,,,,,10.1016.j.matlet.2016.11.030,Al0.1Cr0.2Nb0.2Ti0.4V0.1
775,1,180.0,59.0,0.625,10.1016.j.matlet.2016.11.030,96.0,Al0.1 Cr0.2 Nb0.2 Ti0.4 V0.1,BCC,CAST,BCC,,,5.8,,C,25.0,1240.0,,,,,143.0,,,,10.1016/j.matlet.2016.11.030,2017.0,Precipitation-strengthened refractory Al 0.5 CrNbTi 2 V 0.5 high entropy alloy,10.1016.j.matlet.2016.11.030,Al0.1Cr0.2Nb0.2Ti0.4V0.1,Al0.5CrNbTi2V0.5,BCC+Laves,CAST,BCC,,,,COMPRESSION,22.0,1240.0,,,,,,,,10.1016.j.matlet.2016.11.030,Al0.1Cr0.2Nb0.2Ti0.4V0.1
776,2,178.0,60.0,0.5,10.1016.j.matlet.2016.11.030,96.0,Al0.1 Cr0.2 Nb0.2 Ti0.4 V0.1,BCC+Laves,ANNEAL,other,,,5.8,,C,25.0,1340.0,1700.0,,,,143.0,,,,10.1016/j.matlet.2016.11.030,2017.0,Precipitation-strengthened refractory Al 0.5 CrNbTi 2 V 0.5 high entropy alloy,10.1016.j.matlet.2016.11.030,Al0.1Cr0.2Nb0.2Ti0.4V0.1,Al0.5CrNbTi2V0.5,BCC+Laves,CAST+ANNEALED,BCC,,,,COMPRESSION,22.0,1340.0,,,18.5,,,,,10.1016.j.matlet.2016.11.030,Al0.1Cr0.2Nb0.2Ti0.4V0.1
779,0,342.0,112.0,0.5,10.1016.j.matlet.2019.03.075,153.0,Al0.125 Nb0.25 Ta0.125 Ti0.25 Zr0.25,BCC+HCP,WROUGHT,other,,,7.3,,C,25.0,1740.0,,20.0,,,104.0,,,,10.1016/j.matlet.2019.03.075,2019.0,Precipitation strengthening in a hot-worked TiNbTa0.5ZrAl0.5 refractory high entropy alloy,10.1016.j.matlet.2019.03.075,Al0.125Nb0.25Ta0.125Ti0.25Zr0.25,TiNbTa0.5ZrAl0.5,BCC+HCP precipitates,"Powder metallurgy, hot forging, annealing",other,,,,Compression,,1740.0,,,20.0,,,,,10.1016.j.matlet.2019.03.075,Al0.125Nb0.25Ta0.125Ti0.25Zr0.25
785,0,27.0,166.0,0.5,10.1016.j.matlet.2020.127372,9.0,Al0.2 Cr0.1 Nb0.15 Ti0.2 V0.25 Zr0.1,B2+Laves (C14)+Sec.,ANNEAL,other,,,5.6,,C,25.0,1535.0,,0.6,,,120.0,,,,10.1016/j.matlet.2020.127372,2020.0,Structure and mechanical properties of an in situ refractory Al20Cr10Nb15Ti20V25Zr10 high entropy alloy composite,10.1016.j.matlet.2020.127372,Al0.2Cr0.1Nb0.15Ti0.2V0.25Zr0.1,Al 20 Cr 10 Nb 15 Ti 20 V 25 Zr 10,B2+C14 Laves+Zr5Al3,ARC MELTING,other,,5.55,,COMPRESSIVE,22.0,1535.0,,,0.6,,,,,10.1016.j.matlet.2020.127372,Al0.2Cr0.1Nb0.15Ti0.2V0.25Zr0.1
788,0,190.0,46.0,0.375,10.1016.j.matlet.2021.129428,18.0,Al0.079 Nb0.263 Ti0.395 Zr0.263,BCC,WROUGHT,BCC,24.4,,6.0,,T,25.0,876.0,,23.0,,,97.0,,,,10.1016/j.matlet.2021.129428,2021.0,Ductile Ti1.5ZrNbAl0.3 refractory high entropy alloy with high specific strength,10.1016.j.matlet.2021.129428,Al0.079Nb0.263Ti0.395Zr0.263,Ti1.5ZrNbAl0.3,single-phase body-centered cubic,"cast, cold-rolled, annealed",BCC,,,,tensile,,876,,,23.0,,,,,10.1016.j.matlet.2021.129428,Al0.079Nb0.263Ti0.395Zr0.263
789,0,172.0,768.0,0.75,10.1016.j.matlet.2021.129753,14.0,Mo0.222 Nb0.244 Ta0.222 Ti0.222 W0.089,BCC,CAST,BCC,,10.7,10.8,,C,20.0,1412.0,,32.1,,,202.0,,,,10.1016/j.matlet.2021.129753,2021.0,Ductile W0.4MoNbxTaTi refractory high-entropy alloys with excellent elevated temperature strength,10.1016.j.matlet.2021.129753,Mo0.222Nb0.244Ta0.222Ti0.222W0.089,W0.4MoNb1.1TaTi,BCC,CAST,BCC,,,,COMPRESSION,293,1412,,,32.1,,,,,10.1016.j.matlet.2021.129753,Mo0.222Nb0.244Ta0.222Ti0.222W0.089
790,1,173.0,756.0,0.75,10.1016.j.matlet.2021.129753,14.0,Mo0.213 Nb0.277 Ta0.213 Ti0.213 W0.085,BCC,CAST,BCC,,10.6,10.7,,C,20.0,1334.0,,38.9,,,198.0,,,,10.1016/j.matlet.2021.129753,2021.0,Ductile W0.4MoNbxTaTi refractory high-entropy alloys with excellent elevated temperature strength,10.1016.j.matlet.2021.129753,Mo0.213Nb0.277Ta0.213Ti0.213W0.085,W0.4MoNb1.3TaTi,BCC,CAST,BCC,,,,COMPRESSION,293,1334,,,38.9,,,,,10.1016.j.matlet.2021.129753,Mo0.213Nb0.277Ta0.213Ti0.213W0.085
791,2,174.0,744.0,0.75,10.1016.j.matlet.2021.129753,14.0,Mo0.204 Nb0.306 Ta0.204 Ti0.204 W0.082,BCC,CAST,BCC,,10.5,10.6,,C,20.0,1312.0,,37.0,,,194.0,,,,10.1016/j.matlet.2021.129753,2021.0,Ductile W0.4MoNbxTaTi refractory high-entropy alloys with excellent elevated temperature strength,10.1016.j.matlet.2021.129753,Mo0.204Nb0.306Ta0.204Ti0.204W0.082,W0.4MoNb1.5TaTi,BCC,CAST,BCC,,,,COMPRESSION,293,1312,,,37.0,,,,,10.1016.j.matlet.2021.129753,Mo0.204Nb0.306Ta0.204Ti0.204W0.082
801,0,155.0,902.0,0.375,10.1016.j.msea.2012.12.018,45.0,Nb0.25 Ti0.25 V0.25 Zr0.25,BCC,OTHER,BCC,550.0,,6.4,335.0,C,25.0,1105.0,,50.0,,,104.0,,,,10.1016/j.msea.2012.12.018,2013.0,"Mechanical properties of low-density, refractory multi-principal element alloys of the Cr‚ÄìNb‚ÄìTi‚ÄìV‚ÄìZr system",10.1016.j.msea.2012.12.018,Nb0.25Ti0.25V0.25Zr0.25,NbTiVZr,BCC major phase + second phase particles,Arc melting + HIP + Annealing,BCC,,6.52,,compression,298,1105,,,,,,,,10.1016.j.msea.2012.12.018,Nb0.25Ti0.25V0.25Zr0.25
802,1,156.0,868.0,0.375,10.1016.j.msea.2012.12.018,45.0,Nb0.2 Ti0.2 V0.4 Zr0.2,BCC,OTHER,BCC,550.0,,6.4,304.0,C,25.0,918.0,,50.0,,,109.0,,,,10.1016/j.msea.2012.12.018,2013.0,"Mechanical properties of low-density, refractory multi-principal element alloys of the Cr‚ÄìNb‚ÄìTi‚ÄìV‚ÄìZr system",10.1016.j.msea.2012.12.018,Nb0.2Ti0.2V0.4Zr0.2,NbTiV2Zr,BCC major phase + three disordered BCC phases,Arc melting + HIP + Annealing,BCC,,6.34,,compression,298,918,,,,,,,,10.1016.j.msea.2012.12.018,Nb0.2Ti0.2V0.4Zr0.2
803,2,157.0,343.0,0.375,10.1016.j.msea.2012.12.018,45.0,Cr0.25 Nb0.25 Ti0.25 Zr0.25,BCC+Sec.,OTHER,other,,,6.7,418.0,C,25.0,1260.0,,6.0,,,142.0,,,,10.1016/j.msea.2012.12.018,2013.0,"Mechanical properties of low-density, refractory multi-principal element alloys of the Cr‚ÄìNb‚ÄìTi‚ÄìV‚ÄìZr system",10.1016.j.msea.2012.12.018,Cr0.25Nb0.25Ti0.25Zr0.25,CrNbTiZr,BCC phase + ordered FCC Laves phase,Arc melting + HIP + Annealing,BCC + FCC,,6.67,,compression,298,1260,,,,,,,,10.1016.j.msea.2012.12.018,Cr0.25Nb0.25Ti0.25Zr0.25
804,3,158.0,305.0,0.375,10.1016.j.msea.2012.12.018,45.0,Cr0.2 Nb0.2 Ti0.2 V0.2 Zr0.2,BCC+Sec.,OTHER,other,,,6.6,482.0,C,25.0,1298.0,,3.0,,,139.0,,,,10.1016/j.msea.2012.12.018,2013.0,"Mechanical properties of low-density, refractory multi-principal element alloys of the Cr‚ÄìNb‚ÄìTi‚ÄìV‚ÄìZr system",10.1016.j.msea.2012.12.018,Cr0.2Nb0.2Ti0.2V0.2Zr0.2,CrNbTiVZr,BCC phase + ordered FCC Laves phase,Arc melting + HIP + Annealing,BCC + FCC,,6.57,,compression,298,1298,,,,,,,,10.1016.j.msea.2012.12.018,Cr0.2Nb0.2Ti0.2V0.2Zr0.2
826,0,236.0,862.0,0.625,10.1016.j.msea.2016.07.102,95.0,Nb0.2 Ta0.2 Ti0.2 V0.2 W0.2,BCC,CAST,BCC,,,11.0,,C,25.0,1420.0,1800.0,20.0,,,189.0,,,,10.1016/j.msea.2016.07.102,2016.0,"NbTaV-(Ti,W) refractory high-entropy alloys: Experiments and modeling",10.1016.j.msea.2016.07.102,Nb0.2Ta0.2Ti0.2V0.2W0.2,NbTaTiVW,BCC,Arc Melting,BCC,,,,Compression,298,1420,,,20,,,,,10.1016.j.msea.2016.07.102,Nb0.2Ta0.2Ti0.2V0.2W0.2
831,0,28.0,258.0,0.5,10.1016.j.msea.2017.08.019,68.0,Al0.25 Nb0.25 Ti0.25 V0.25,B2,ANNEAL,other,,,5.5,,C,25.0,1000.0,1280.0,,,,105.0,,,,10.1016/j.msea.2017.08.019,2017.0,Structure and mechanical properties of B2 ordered refractory AlNbTiVZr x (x = 0‚Äì1.5) high-entropy alloys,10.1016.j.msea.2017.08.019,Al0.25Nb0.25Ti0.25V0.25,AlNbTiV,B2 ordered single phase,ARC MELTING,other,,,,COMPRESSION,22.0,1000.0,,,6.0,,,,,10.1016.j.msea.2017.08.019,Al0.25Nb0.25Ti0.25V0.25
832,1,31.0,213.0,0.5,10.1016.j.msea.2017.08.019,68.0,Al0.222 Nb0.222 Ti0.222 V0.222 Zr0.111,B2+Laves+Sec.,ANNEAL,other,,,5.6,,C,25.0,1485.0,,,,,101.0,,,,10.1016/j.msea.2017.08.019,2017.0,Structure and mechanical properties of B2 ordered refractory AlNbTiVZr x (x = 0‚Äì1.5) high-entropy alloys,10.1016.j.msea.2017.08.019,Al0.222Nb0.222Ti0.222V0.222Zr0.111,AlNbTiVZr0.5,B2 + Zr5Al3-type + hexagonal C14 Laves ZrAlV-type phases,ARC MELTING,other,,,,COMPRESSION,22.0,1485.0,,,> 50.0,,,,,10.1016.j.msea.2017.08.019,Al0.222Nb0.222Ti0.222V0.222Zr0.111
833,2,33.0,162.0,0.5,10.1016.j.msea.2017.08.019,68.0,Al0.182 Nb0.182 Ti0.182 V0.182 Zr0.273,B2+Laves+Sec.,ANNEAL,other,,,5.8,,C,25.0,1535.0,1550.0,,,,95.0,,,,10.1016/j.msea.2017.08.019,2017.0,Structure and mechanical properties of B2 ordered refractory AlNbTiVZr x (x = 0‚Äì1.5) high-entropy alloys,10.1016.j.msea.2017.08.019,Al0.182Nb0.182Ti0.182V0.182Zr0.273,AlNbTiVZr1.5,B2 + Zr5Al3-type + hexagonal C14 Laves ZrAlV-type phases,ARC MELTING,other,,,,COMPRESSION,22.0,1535.0,,,0.4,,,,,10.1016.j.msea.2017.08.019,Al0.182Nb0.182Ti0.182V0.182Zr0.273
874,0,247.0,816.0,0.5,10.1016.j.msea.2017.12.004,89.0,Mo0.25 Nb0.25 Ta0.25 W0.25,BCC,CAST,BCC,,,13.7,,C,25.0,996.0,1148.0,,,,258.0,,,,10.1016/j.msea.2017.12.004,2018.0,Microstructures and mechanical properties of Ti NbMoTaW refractory high-entropy alloys,10.1016.j.msea.2017.12.004,Mo0.25Nb0.25Ta0.25W0.25,NbMoTaW,single BCC,vacuum arc melting,BCC,,,,compressive,,996.0,,,1.9,,,,,10.1016.j.msea.2017.12.004,Mo0.25Nb0.25Ta0.25W0.25
875,1,248.0,778.0,0.5,10.1016.j.msea.2017.12.004,89.0,Mo0.235 Nb0.235 Ta0.235 Ti0.059 W0.235,BCC,CAST,BCC,,,13.1,478.3,C,25.0,1109.0,1197.0,,,,249.0,,,,10.1016/j.msea.2017.12.004,2018.0,Microstructures and mechanical properties of Ti NbMoTaW refractory high-entropy alloys,10.1016.j.msea.2017.12.004,Mo0.235Nb0.235Ta0.235Ti0.059W0.235,Ti0.25NbMoTaW,single BCC,vacuum arc melting,BCC,,,,compressive,,1109.0,,,2.5,,,,,10.1016.j.msea.2017.12.004,Mo0.235Nb0.235Ta0.235Ti0.059W0.235
876,2,249.0,766.0,0.5,10.1016.j.msea.2017.12.004,89.0,Mo0.222 Nb0.222 Ta0.222 Ti0.111 W0.222,BCC,CAST,BCC,,,12.7,481.2,C,25.0,1211.0,1578.0,,,,242.0,,,,10.1016/j.msea.2017.12.004,2018.0,Microstructures and mechanical properties of Ti NbMoTaW refractory high-entropy alloys,10.1016.j.msea.2017.12.004,Mo0.222Nb0.222Ta0.222Ti0.111W0.222,Ti0.5NbMoTaW,single BCC,vacuum arc melting,BCC,,,,compressive,,1211.0,,,5.9,,,,,10.1016.j.msea.2017.12.004,Mo0.222Nb0.222Ta0.222Ti0.111W0.222
877,3,250.0,754.0,0.5,10.1016.j.msea.2017.12.004,89.0,Mo0.211 Nb0.211 Ta0.211 Ti0.158 W0.211,BCC,CAST,BCC,,,12.2,495.6,C,25.0,1304.0,1593.0,,,,235.0,,,,10.1016/j.msea.2017.12.004,2018.0,Microstructures and mechanical properties of Ti NbMoTaW refractory high-entropy alloys,10.1016.j.msea.2017.12.004,Mo0.211Nb0.211Ta0.211Ti0.158W0.211,Ti0.75NbMoTaW,single BCC,vacuum arc melting,BCC,,,,compressive,,1304.0,,,8.4,,,,,10.1016.j.msea.2017.12.004,Mo0.211Nb0.211Ta0.211Ti0.158W0.211
878,4,251.0,721.0,0.5,10.1016.j.msea.2017.12.004,89.0,Mo0.2 Nb0.2 Ta0.2 Ti0.2 W0.2,BCC,CAST,BCC,,,11.9,507.5,C,25.0,1455.0,1910.0,,,,229.0,,,,10.1016/j.msea.2017.12.004,2018.0,Microstructures and mechanical properties of Ti NbMoTaW refractory high-entropy alloys,10.1016.j.msea.2017.12.004,Mo0.2Nb0.2Ta0.2Ti0.2W0.2,TiNbMoTaW,single BCC,vacuum arc melting,BCC,,,,compressive,,1455.0,,,11.5,,,,,10.1016.j.msea.2017.12.004,Mo0.2Nb0.2Ta0.2Ti0.2W0.2
879,0,87.0,737.0,0.625,10.1016.j.msea.2017.12.021,94.0,Mo0.2 Nb0.2 Ta0.2 V0.2 W0.2,BCC,POWDER,BCC,,,12.2,,C,25.0,2612.0,3472.0,,,,232.0,,,,10.1016/j.msea.2017.12.021,2018.0,Ultra-high strength WNbMoTaV high-entropy alloys with fine grain structure fabricated by powder metallurgical process,10.1016.j.msea.2017.12.021,Mo0.2Nb0.2Ta0.2V0.2W0.2,WNbMoTaV,"BCC Matrix, Oxide Inclusions","MA, SPS",BCC,,,,Compression,25.0,2612.0,,,8.8,,,,,10.1016.j.msea.2017.12.021,Mo0.2Nb0.2Ta0.2V0.2W0.2
880,0,59.0,708.0,0.625,10.1016.j.msea.2020.139275,1.0,Mo0.2 Nb0.2 Ta0.2 Ti0.2 V0.2,BCC,CAST,BCC,,,9.2,422.0,C,25.0,1228.0,,30.0,,,173.0,,,,10.1016/j.msea.2020.139275,2020.0,Effects of Al addition on the microstructures and properties of MoNbTaTiV refractory high entropy alloy,10.1016.j.msea.2020.139275,Mo0.2Nb0.2Ta0.2Ti0.2V0.2,Al0MoNbTaTiV,BCC+dendritic,arc melting,BCC,,,,compression,25.0,1228.0,,,,,,,,10.1016.j.msea.2020.139275,Mo0.2Nb0.2Ta0.2Ti0.2V0.2
881,1,60.0,4.0,0.625,10.1016.j.msea.2020.139275,1.0,Al0.038 Mo0.192 Nb0.192 Ta0.192 Ti0.192 V0.192,BCC,CAST,BCC,,,9.0,474.0,C,25.0,1292.0,,16.0,,,169.0,,,,10.1016/j.msea.2020.139275,2020.0,Effects of Al addition on the microstructures and properties of MoNbTaTiV refractory high entropy alloy,10.1016.j.msea.2020.139275,Al0.038Mo0.192Nb0.192Ta0.192Ti0.192V0.192,Al0.2MoNbTaTiV,BCC+dendritic,arc melting,BCC,,,,compression,25.0,1292.0,,,,,,,,10.1016.j.msea.2020.139275,Al0.038Mo0.192Nb0.192Ta0.192Ti0.192V0.192
903,0,11.0,859.0,0.625,10.1016.j.msea.2020.139774,13.0,Nb0.167 Ti0.333 V0.167 Zr0.333,BCC,ANNEAL,BCC,,6.1,6.1,,T,25.0,787.0,827.0,21.9,,,100.0,,,,10.1016/j.msea.2020.139774,2020.0,A single-phase V0.5Nb0.5ZrTi refractory high-entropy alloy with outstanding tensile properties,10.1016.j.msea.2020.139774,Nb0.167Ti0.333V0.167Zr0.333,V 0.5 Nb 0.5 ZrTi,BCC,Arc melting,BCC,,6.1,,Tensile,,787.0,,,21.9,,,,,10.1016.j.msea.2020.139774,Nb0.167Ti0.333V0.167Zr0.333
905,0,199.0,629.0,0.625,10.1016.j.msea.2021.140798,7.0,Hf0.29 Nb0.072 Ta0.058 Ti0.29 Zr0.29,BCC,CAST,BCC,,,8.6,,T,25.0,748.0,,14.2,,,94.0,,,,10.1016/j.msea.2021.140798,2021.0,Effects of Nb on deformation-induced transformation and mechanical properties of HfNbxTa0.2TiZr high entropy alloys,10.1016.j.msea.2021.140798,Hf0.29Nb0.072Ta0.058Ti0.29Zr0.29,HfNb0.25Ta0.2TiZr,BCC,Arc-melting and drop casting,BCC,,,,Tensile,Room temperature,748.0,,,,,,,,10.1016.j.msea.2021.140798,Hf0.29Nb0.072Ta0.058Ti0.29Zr0.29
906,1,200.0,630.0,0.625,10.1016.j.msea.2021.140798,7.0,Hf0.294 Nb0.059 Ta0.059 Ti0.294 Zr0.294,BCC+HCP,CAST,other,,,8.6,,T,25.0,607.0,,31.8,,,94.0,,,,10.1016/j.msea.2021.140798,2021.0,Effects of Nb on deformation-induced transformation and mechanical properties of HfNbxTa0.2TiZr high entropy alloys,10.1016.j.msea.2021.140798,Hf0.294Nb0.059Ta0.059Ti0.294Zr0.294,HfNb0.2Ta0.2TiZr,BCC+HCP,Arc-melting and drop casting,other,,,,Tensile,Room temperature,607.0,,,,,,,,10.1016.j.msea.2021.140798,Hf0.294Nb0.059Ta0.059Ti0.294Zr0.294
911,0,369.0,837.0,0.5,10.1016.j.msea.2021.140848,9.0,Mo0.308 Nb0.308 Ta0.308 V0.077,BCC,CAST,BCC,,,11.4,,C,25.0,1017.0,,9.2,,,201.0,,,,10.1016/j.msea.2021.140848,2021.0,Effects of vanadium concentration on mechanical properties of V NbMoTa refractory high-entropy alloys,10.1016.j.msea.2021.140848,Mo0.308Nb0.308Ta0.308V0.077,V0.25NbMoTa,,,,,,,COMPRESSION,25.0,1017.0,,9.2,,,,,,10.1016.j.msea.2021.140848,Mo0.308Nb0.308Ta0.308V0.077
912,1,370.0,832.0,0.5,10.1016.j.msea.2021.140848,9.0,Mo0.286 Nb0.286 Ta0.286 V0.143,BCC,CAST,BCC,,,11.0,,C,25.0,1085.0,,12.5,,,195.0,,,,10.1016/j.msea.2021.140848,2021.0,Effects of vanadium concentration on mechanical properties of V NbMoTa refractory high-entropy alloys,10.1016.j.msea.2021.140848,Mo0.286Nb0.286Ta0.286V0.143,V0.5NbMoTa,,,,,,,COMPRESSION,25.0,1085.0,,12.5,,,,,,10.1016.j.msea.2021.140848,Mo0.286Nb0.286Ta0.286V0.143
913,2,371.0,825.0,0.5,10.1016.j.msea.2021.140848,9.0,Mo0.267 Nb0.267 Ta0.267 V0.2,BCC,CAST,BCC,,,10.7,,C,25.0,1173.0,,17.1,,,191.0,,,,10.1016/j.msea.2021.140848,2021.0,Effects of vanadium concentration on mechanical properties of V NbMoTa refractory high-entropy alloys,10.1016.j.msea.2021.140848,Mo0.267Nb0.267Ta0.267V0.2,V0.75NbMoTa,,,,,,,COMPRESSION,25.0,1173.0,,17.1,,,,,,10.1016.j.msea.2021.140848,Mo0.267Nb0.267Ta0.267V0.2
914,3,372.0,792.0,0.5,10.1016.j.msea.2021.140848,9.0,Mo0.25 Nb0.25 Ta0.25 V0.25,BCC,CAST,BCC,,,10.4,,C,25.0,1233.0,,29.0,,,187.0,,,,10.1016/j.msea.2021.140848,2021.0,Effects of vanadium concentration on mechanical properties of V NbMoTa refractory high-entropy alloys,10.1016.j.msea.2021.140848,Mo0.25Nb0.25Ta0.25V0.25,V1.0NbMoTa,,,,,,,COMPRESSION,25.0,1233.0,,29.0,,,,,,10.1016.j.msea.2021.140848,Mo0.25Nb0.25Ta0.25V0.25
931,0,320.0,962.0,0.5,10.1016.j.msea.2021.141168,15.0,Ta0.333 Ti0.333 Zr0.333,BCC+BCC+Sec.,OTHER,other,320.0,9.56,9.2,,C,25.0,1671.0,,,,,123.0,70.0,20.0,210.0,10.1016/j.msea.2021.141168,2021.0,Microstructure and properties of an equiatomic TaTiZr alloy,10.1016.j.msea.2021.141168,Ta0.333Ti0.333Zr0.333,TaTiZr,BCC+omega-phase nano-precipitates,HIP,other,,,,Compression,25.0,1671.0,,,,,,,,10.1016.j.msea.2021.141168,Ta0.333Ti0.333Zr0.333
932,1,321.0,963.0,0.5,10.1016.j.msea.2021.141168,15.0,Ta0.333 Ti0.333 Zr0.333,BCC+BCC+Sec.,OTHER,other,320.0,9.56,9.2,,C,400.0,1440.0,,,,,123.0,70.0,20.0,210.0,10.1016/j.msea.2021.141168,2021.0,Microstructure and properties of an equiatomic TaTiZr alloy,10.1016.j.msea.2021.141168,Ta0.333Ti0.333Zr0.333,TaTiZr,BCC+omega-phase nano-precipitates,HIP,other,,,,Compression,400.0,1440.0,,,,,,,,10.1016.j.msea.2021.141168,Ta0.333Ti0.333Zr0.333
958,0,181.0,943.0,0.75,10.1016.j.msea.2021.141908,1.0,Nb0.333 Ta0.333 V0.333,BCC,CAST,BCC,44.28,,10.4,,T,25.0,925.0,1048.0,24.0,,,140.0,,,,10.1016/j.msea.2021.141908,2021.0,Novel BCC VNbTa refractory multi-element alloys with superior tensile properties,10.1016.j.msea.2021.141908,Nb0.333Ta0.333V0.333,VNbTa,BCC,VACUUM ARC MELTING,BCC,44.28,,,TENSILE,25.0,925.0,,,,,,,,10.1016.j.msea.2021.141908,Nb0.333Ta0.333V0.333
961,0,34.0,722.0,0.375,10.1016.j.msec.2016.12.057,92.0,Mo0.2 Nb0.2 Ta0.2 Ti0.2 Zr0.2,BCC+BCC,CAST,other,,,9.3,,C,25.0,1390.0,,,,,161.0,,,,10.1016/j.msec.2016.12.057,2017.0,TiZrNbTaMo high-entropy alloy designed for orthopedic implants: As-cast microstructure and mechanical properties,10.1016.j.msec.2016.12.057,Mo0.2Nb0.2Ta0.2Ti0.2Zr0.2,TiZrNbTaMo,Dual Phase (bcc1+bcc2),Arc-melted,BCC,,,,Compression,,1390,,,6,153.0,,,,10.1016.j.msec.2016.12.057,Mo0.2Nb0.2Ta0.2Ti0.2Zr0.2
962,0,103.0,68.0,0.5,10.1016.j.mtla.2020.100627,5.0,Al0.1 Nb0.15 Ta0.05 Ti0.3 Zr0.4,BCC+BCC,ANNEAL,other,,,6.3,,C,400.0,852.0,,,,,94.0,,,,10.1016/j.mtla.2020.100627,2020.0,Temperature dependent deformation behavior and strengthening mechanisms in a low density refractory high entropy alloy Al10Nb15Ta5Ti30Zr40,10.1016.j.mtla.2020.100627,Al0.1Nb0.15Ta0.05Ti0.3Zr0.4,Al 10 Nb 15 Ta 5 Ti 30 Zr 40,BCC and B2 phases,as-cast and heat-treated,BCC,,,,compression,400.0,852.0,,,,,,,,10.1016.j.mtla.2020.100627,Al0.1Nb0.15Ta0.05Ti0.3Zr0.4
963,1,104.0,72.0,0.5,10.1016.j.mtla.2020.100627,5.0,Al0.1 Nb0.15 Ta0.05 Ti0.3 Zr0.4,BCC+BCC,ANNEAL,other,,,6.3,,C,600.0,1059.0,,,,,94.0,,,,10.1016/j.mtla.2020.100627,2020.0,Temperature dependent deformation behavior and strengthening mechanisms in a low density refractory high entropy alloy Al10Nb15Ta5Ti30Zr40,10.1016.j.mtla.2020.100627,Al0.1Nb0.15Ta0.05Ti0.3Zr0.4,Al 10 Nb 15 Ta 5 Ti 30 Zr 40,BCC and B2 phases,as-cast and heat-treated,BCC,,,,compression,600.0,1059.0,,,,,,,,10.1016.j.mtla.2020.100627,Al0.1Nb0.15Ta0.05Ti0.3Zr0.4
1011,0,134.0,885.0,0.75,10.1016.j.proeng.2012.03.043,42.0,Nb0.25 Ta0.25 Ti0.25 V0.25,BCC,CAST,BCC,,,9.0,,C,25.0,1092.0,,,,,134.0,,,,10.1016/j.proeng.2012.03.043,2012.0,Microstructure and Compressive Properties of NbTiVTaAlx High Entropy Alloys,10.1016.j.proeng.2012.03.043,Nb0.25Ta0.25Ti0.25V0.25,NbTiVTaAl0,BCC,ARC MELTING,BCC,,,,COMPRESSIVE,25.0,1092.0,,,,,,,,10.1016.j.proeng.2012.03.043,Nb0.25Ta0.25Ti0.25V0.25
1012,1,135.0,30.0,0.75,10.1016.j.proeng.2012.03.043,42.0,Al0.059 Nb0.235 Ta0.235 Ti0.235 V0.235,BCC,CAST,BCC,,,8.6,,C,25.0,1330.0,,,,,130.0,,,,10.1016/j.proeng.2012.03.043,2012.0,Microstructure and Compressive Properties of NbTiVTaAlx High Entropy Alloys,10.1016.j.proeng.2012.03.043,Al0.059Nb0.235Ta0.235Ti0.235V0.235,NbTiVTaAl0.25,BCC,ARC MELTING,BCC,,,,COMPRESSIVE,25.0,1330.0,,,,,,,,10.1016.j.proeng.2012.03.043,Al0.059Nb0.235Ta0.235Ti0.235V0.235
1020,0,242.0,121.0,0.5,10.1016.j.scriptamat.2019.07.033,3.0,Al0.143 Mo0.286 Ta0.286 Ti0.286,B2+BCC+Sec.,ANNEAL,other,,9.1,9.4,680.1,C,1000.0,969.0,,1.0,,,190.0,200.0,,,10.1016/j.scriptamat.2019.07.033,2019.0,Precipitation behaviour and mechanical properties of a novel Al0.5MoTaTi complex concentrated alloy,10.1016.j.scriptamat.2019.07.033,Al0.143Mo0.286Ta0.286Ti0.286,Al0.5MoTaTi,BCC/B2,ARC-MELTING,other,,9.1,,COMPRESSION,1273,969,973,,1.0,,200.0,,,10.1016.j.scriptamat.2019.07.033,Al0.143Mo0.286Ta0.286Ti0.286
1021,1,243.0,122.0,0.5,10.1016.j.scriptamat.2019.07.033,3.0,Al0.143 Mo0.286 Ta0.286 Ti0.286,B2+BCC+Sec.,ANNEAL,other,,9.1,9.4,650.6,C,1000.0,1085.0,,4.6,,,190.0,200.0,,,10.1016/j.scriptamat.2019.07.033,2019.0,Precipitation behaviour and mechanical properties of a novel Al0.5MoTaTi complex concentrated alloy,10.1016.j.scriptamat.2019.07.033,Al0.143Mo0.286Ta0.286Ti0.286,Al0.5MoTaTi,BCC/B2,ARC-MELTING,other,,9.1,,COMPRESSION,1273,1085,1139,,4.6,,200.0,,,10.1016.j.scriptamat.2019.07.033,Al0.143Mo0.286Ta0.286Ti0.286
1035,0,350.0,555.0,0.625,10.1016.j.scriptamat.2021.113919,13.0,Hf0.2 Nb0.2 Ta0.2 Ti0.2 Zr0.2,BCC,WROUGHT,BCC,,,9.9,,T,300.0,854.0,962.0,12.8,,,111.0,,,,10.1016/j.scriptamat.2021.113919,2021.0,On temperature and strain-rate dependence of flow serration in HfNbTaTiZr high-entropy alloy,10.1016.j.scriptamat.2021.113919,Hf0.2Nb0.2Ta0.2Ti0.2Zr0.2,HfNbTaTiZr,BCC,,BCC,,,,Tension,573,854,,,,,,,,10.1016.j.scriptamat.2021.113919,Hf0.2Nb0.2Ta0.2Ti0.2Zr0.2
1036,1,351.0,556.0,0.625,10.1016.j.scriptamat.2021.113919,13.0,Hf0.2 Nb0.2 Ta0.2 Ti0.2 Zr0.2,BCC,WROUGHT,BCC,,,9.9,,T,400.0,759.0,930.0,14.1,,,111.0,,,,10.1016/j.scriptamat.2021.113919,2021.0,On temperature and strain-rate dependence of flow serration in HfNbTaTiZr high-entropy alloy,10.1016.j.scriptamat.2021.113919,Hf0.2Nb0.2Ta0.2Ti0.2Zr0.2,HfNbTaTiZr,BCC,,BCC,,,,Tension,673,759,,,,,,,,10.1016.j.scriptamat.2021.113919,Hf0.2Nb0.2Ta0.2Ti0.2Zr0.2
1037,2,352.0,557.0,0.625,10.1016.j.scriptamat.2021.113919,13.0,Hf0.2 Nb0.2 Ta0.2 Ti0.2 Zr0.2,BCC,WROUGHT,BCC,,,9.9,,T,450.0,717.5,866.0,8.4,,,111.0,,,,10.1016/j.scriptamat.2021.113919,2021.0,On temperature and strain-rate dependence of flow serration in HfNbTaTiZr high-entropy alloy,10.1016.j.scriptamat.2021.113919,Hf0.2Nb0.2Ta0.2Ti0.2Zr0.2,HfNbTaTiZr,BCC,,BCC,,,,Tension,723,717.5,,,,,,,,10.1016.j.scriptamat.2021.113919,Hf0.2Nb0.2Ta0.2Ti0.2Zr0.2
1038,3,353.0,558.0,0.625,10.1016.j.scriptamat.2021.113919,13.0,Hf0.2 Nb0.2 Ta0.2 Ti0.2 Zr0.2,BCC,WROUGHT,BCC,,,9.9,,T,500.0,722.4,924.0,9.8,,,111.0,,,,10.1016/j.scriptamat.2021.113919,2021.0,On temperature and strain-rate dependence of flow serration in HfNbTaTiZr high-entropy alloy,10.1016.j.scriptamat.2021.113919,Hf0.2Nb0.2Ta0.2Ti0.2Zr0.2,HfNbTaTiZr,BCC,,BCC,,,,Tension,773,722.4,,,,,,,,10.1016.j.scriptamat.2021.113919,Hf0.2Nb0.2Ta0.2Ti0.2Zr0.2
1047,0,129.0,456.0,0.375,10.1016.j.scriptamat.2021.114225,29.0,Hf0.2 Nb0.1 Ti0.35 Zr0.35,BCC+HCP+Sec.,WROUGHT,other,,,7.4,346.0,T,25.0,1031.0,1085.0,3.0,,104.6,90.0,,,,10.1016/j.scriptamat.2021.114225,2022.0,Strengthening mechanisms and microstructural evolution of ductile refractory medium-entropy alloy Hf20Nb10Ti35Zr35,10.1016.j.scriptamat.2021.114225,Hf0.2Nb0.1Ti0.35Zr0.35,Hf20Nb10Ti35Zr35,,,,,,,,,1031.0,,,,,,,,10.1016.j.scriptamat.2021.114225,Hf0.2Nb0.1Ti0.35Zr0.35
1048,1,130.0,457.0,0.375,10.1016.j.scriptamat.2021.114225,29.0,Hf0.2 Nb0.1 Ti0.35 Zr0.35,BCC+Sec.,WROUGHT,other,,,7.4,312.0,T,25.0,952.0,984.0,2.0,,90.3,90.0,,,,10.1016/j.scriptamat.2021.114225,2022.0,Strengthening mechanisms and microstructural evolution of ductile refractory medium-entropy alloy Hf20Nb10Ti35Zr35,10.1016.j.scriptamat.2021.114225,Hf0.2Nb0.1Ti0.35Zr0.35,Hf20Nb10Ti35Zr35,,,,,,,,,952.0,,,,,,,,10.1016.j.scriptamat.2021.114225,Hf0.2Nb0.1Ti0.35Zr0.35
1049,2,131.0,460.0,0.375,10.1016.j.scriptamat.2021.114225,29.0,Hf0.2 Nb0.1 Ti0.35 Zr0.35,BCC+HCP,WROUGHT,other,,,7.4,274.0,T,25.0,855.0,892.0,6.0,,88.6,90.0,,,,10.1016/j.scriptamat.2021.114225,2022.0,Strengthening mechanisms and microstructural evolution of ductile refractory medium-entropy alloy Hf20Nb10Ti35Zr35,10.1016.j.scriptamat.2021.114225,Hf0.2Nb0.1Ti0.35Zr0.35,Hf20Nb10Ti35Zr35,,,,,,,,,855.0,,,,,,,,10.1016.j.scriptamat.2021.114225,Hf0.2Nb0.1Ti0.35Zr0.35
1056,0,379.0,186.0,0.625,10.1016.j.vacuum.2020.109614,4.0,Al0.2 Cr0.21 Mo0.27 Ti0.22 W0.1,BCC+Laves,CAST,other,,7.48,7.7,511.0,C,25.0,1245.0,,,,,228.0,,,,10.1016/j.vacuum.2020.109614,2020.0,Design of a low density refractory high entropy alloy in non-equiatomic W‚ÄìMo‚ÄìCr‚ÄìTi‚ÄìAl system,10.1016.j.vacuum.2020.109614,Al0.2Cr0.21Mo0.27Ti0.22W0.1,W 10 Mo 27 Cr 21 Ti 22 Al 20,BCC+Laves,VAM,BCC,,7.48,,Compression,25.0,1245.0,,,,,,,,10.1016.j.vacuum.2020.109614,Al0.2Cr0.21Mo0.27Ti0.22W0.1
1057,1,380.0,187.0,0.625,10.1016.j.vacuum.2020.109614,4.0,Al0.2 Cr0.21 Mo0.27 Ti0.22 W0.1,BCC+Laves,CAST,other,,7.48,7.7,,C,600.0,510.0,,,,,228.0,,,,10.1016/j.vacuum.2020.109614,2020.0,Design of a low density refractory high entropy alloy in non-equiatomic W‚ÄìMo‚ÄìCr‚ÄìTi‚ÄìAl system,10.1016.j.vacuum.2020.109614,Al0.2Cr0.21Mo0.27Ti0.22W0.1,W 10 Mo 27 Cr 21 Ti 22 Al 20,BCC+Laves,VAM,BCC,,,,Compression,600.0,510.0,,,,,,,,10.1016.j.vacuum.2020.109614,Al0.2Cr0.21Mo0.27Ti0.22W0.1
1058,2,381.0,188.0,0.625,10.1016.j.vacuum.2020.109614,4.0,Al0.2 Cr0.21 Mo0.27 Ti0.22 W0.1,BCC+Laves,CAST,other,,7.48,7.7,,C,1000.0,201.0,,60.0,,,228.0,,,,10.1016/j.vacuum.2020.109614,2020.0,Design of a low density refractory high entropy alloy in non-equiatomic W‚ÄìMo‚ÄìCr‚ÄìTi‚ÄìAl system,10.1016.j.vacuum.2020.109614,Al0.2Cr0.21Mo0.27Ti0.22W0.1,W 10 Mo 27 Cr 21 Ti 22 Al 20,BCC+Laves,VAM,BCC,,,,Compression,1000.0,201.0,,,,,,,,10.1016.j.vacuum.2020.109614,Al0.2Cr0.21Mo0.27Ti0.22W0.1
1059,3,382.0,189.0,0.625,10.1016.j.vacuum.2020.109614,4.0,Al0.2 Cr0.21 Mo0.27 Ti0.22 W0.1,BCC+Laves,CAST,other,,7.48,7.7,,C,1200.0,105.0,,60.0,,,228.0,,,,10.1016/j.vacuum.2020.109614,2020.0,Design of a low density refractory high entropy alloy in non-equiatomic W‚ÄìMo‚ÄìCr‚ÄìTi‚ÄìAl system,10.1016.j.vacuum.2020.109614,Al0.2Cr0.21Mo0.27Ti0.22W0.1,W 10 Mo 27 Cr 21 Ti 22 Al 20,BCC+Laves,VAM,BCC,,,,Compression,1200.0,105.0,,,,,,,,10.1016.j.vacuum.2020.109614,Al0.2Cr0.21Mo0.27Ti0.22W0.1
1060,0,25.0,588.0,0.375,10.1038.s41563-020-0750-4,7.0,Hf0.24 Nb0.23 Ti0.38 V0.15,BCC,CAST,BCC,176.0,,7.8,,T,25.0,774.0,792.0,20.6,,,106.0,,,,10.1038/s41563-020-0750-4,2020.0,Natural-mixing guided design of refractory high-entropy alloys with as-cast tensile ductility,10.1038.s41563-020-0750-4,Hf0.24Nb0.23Ti0.38V0.15,Ti38V15Nb23Hf24,Single BCC phase macroscopically,Arc melting followed by suction casting,BCC,,,,Uniaxial tensile test,,774.0,,,,,,,,10.1038.s41563-020-0750-4,Hf0.24Nb0.23Ti0.38V0.15
1061,1,26.0,611.0,0.375,10.1038.s41563-020-0750-4,7.0,Hf0.25 Nb0.25 Ti0.25 V0.25,BCC,ANNEAL,BCC,,,8.1,,T,25.0,1004.0,,16.1,,,107.0,,,,10.1038/s41563-020-0750-4,2020.0,Natural-mixing guided design of refractory high-entropy alloys with as-cast tensile ductility,10.1038.s41563-020-0750-4,Hf0.25Nb0.25Ti0.25V0.25,Ti25V25Nb25Hf25,,Arc melting followed by homogenization and recrystallization,,,,,Uniaxial tensile test,,1004.0,,,,,,,,10.1038.s41563-020-0750-4,Hf0.25Nb0.25Ti0.25V0.25
1066,0,89.0,385.0,0.5,10.1063.1.4966659,52.0,Hf0.125 Nb0.125 Ta0.125 Ti0.375 Zr0.25,BCC,CAST,BCC,,,8.1,301.0,T,25.0,903.0,990.0,19.0,,,107.0,,,,10.1063/1.4966659,2016.0,Alloy design for intrinsically ductile refractory high-entropy alloys,10.1063.1.4966659,Hf0.125Nb0.125Ta0.125Ti0.375Zr0.25,Hf 0.5 Nb 0.5 Ta 0.5 Ti 1.5 Zr,,ARC MELTING,BCC,,8.13,301,TENSILE,,903,990,18.8,,,,,,10.1063.1.4966659,Hf0.125Nb0.125Ta0.125Ti0.375Zr0.25
1069,0,216.0,262.0,0.5,10.1080.02670836.2018.1446267,34.0,Al0.25 Nb0.25 Ti0.25 Zr0.25,B2+Sec.,ANNEAL,other,,,5.6,418.0,C,25.0,1579.0,,17.8,,,90.0,,,,10.1080/02670836.2018.1446267,2018.0,Microstructure and mechanical properties of a novel refractory AlNbTiZr high-entropy alloy,10.1080.02670836.2018.1446267,Al0.25Nb0.25Ti0.25Zr0.25,AlNbTiZr,B2 + Zr5Al3,ARC MELTING + HOMOGENISATION,other,,5.85,,COMPRESSION,,1579.0,,,17.8,,,,,10.1080.02670836.2018.1446267,Al0.25Nb0.25Ti0.25Zr0.25
1077,0,244.0,626.0,0.5,10.1080.21663831.2016.1221861,76.0,Hf0.275 Nb0.05 Ta0.05 Ti0.35 Zr0.275,BCC,WROUGHT,BCC,,,8.3,,T,25.0,540.0,995.0,,,,95.0,,,,10.1080/21663831.2016.1221861,2016.0,Design and tensile properties of a bcc Ti-rich high-entropy alloy with transformation-induced plasticity,10.1080.21663831.2016.1221861,Hf0.275Nb0.05Ta0.05Ti0.35Zr0.275,Ti35Zr27.5Hf27.5Nb5Ta5,BCC,COLD ROLL & SOLUTION TREATMENT,BCC,40.0,,,TENSILE,,540.0,,,,,,,,10.1080.21663831.2016.1221861,Hf0.275Nb0.05Ta0.05Ti0.35Zr0.275
1121,0,235.0,97.0,0.625,10.3390.e16020870,41.0,Al0.111 Mo0.222 Nb0.222 Ti0.222 V0.222,BCC,CAST,BCC,,,6.8,487.0,C,25.0,1625.0,1800.0,11.0,,,158.0,,,,10.3390/e16020870,2014.0,Microstructures and Crackling Noise of AlxNbTiMoV High Entropy Alloys,10.3390.e16020870,Al0.111Mo0.222Nb0.222Ti0.222V0.222,Al0.5NbTiMoV,BCC,ARC MELTING,BCC,,,,COMPRESSION,,1625,,,,,,,,10.3390.e16020870,Al0.111Mo0.222Nb0.222Ti0.222V0.222
1129,0,205.0,447.0,0.375,10.3390.e21010015,30.0,Hf0.2 Mo0.2 Nb0.2 Ti0.2 Zr0.2,BCC,CAST,BCC,,,8.6,,C,25.0,1351.0,,20.0,,,139.0,,,,10.3390/e21010015,2018.0,"Effects of Mo, Nb, Ta, Ti, and Zr on Mechanical Properties of Equiatomic Hf-Mo-Nb-Ta-Ti-Zr Alloys",10.3390.e21010015,Hf0.2Mo0.2Nb0.2Ti0.2Zr0.2,HfMoNbTiZr,,,,,,,COMPRESSION,Room Temperature,1351.0,,,,,,,,10.3390.e21010015,Hf0.2Mo0.2Nb0.2Ti0.2Zr0.2
1130,1,206.0,436.0,0.375,10.3390.e21010015,30.0,Hf0.2 Mo0.2 Nb0.2 Ta0.2 Zr0.2,BCC,CAST,BCC,,,11.1,,C,25.0,1524.0,,16.0,,,153.0,,,,10.3390/e21010015,2018.0,"Effects of Mo, Nb, Ta, Ti, and Zr on Mechanical Properties of Equiatomic Hf-Mo-Nb-Ta-Ti-Zr Alloys",10.3390.e21010015,Hf0.2Mo0.2Nb0.2Ta0.2Zr0.2,HfMoNbTaZr,,,,,,,COMPRESSION,Room Temperature,1524.0,,,,,,,,10.3390.e21010015,Hf0.2Mo0.2Nb0.2Ta0.2Zr0.2
1131,2,207.0,430.0,0.375,10.3390.e21010015,30.0,Hf0.2 Mo0.2 Nb0.2 Ta0.2 Ti0.2,BCC,CAST,BCC,,,10.7,,C,25.0,1369.0,,27.0,,,163.0,,,,10.3390/e21010015,2018.0,"Effects of Mo, Nb, Ta, Ti, and Zr on Mechanical Properties of Equiatomic Hf-Mo-Nb-Ta-Ti-Zr Alloys",10.3390.e21010015,Hf0.2Mo0.2Nb0.2Ta0.2Ti0.2,HfMoNbTaTi,,,,,,,COMPRESSION,Room Temperature,1369.0,,,,,,,,10.3390.e21010015,Hf0.2Mo0.2Nb0.2Ta0.2Ti0.2
1156,0,132.0,422.0,0.5,10.4028.www.scientific.net.MSF.849.76,78.0,Hf0.182 Nb0.182 Si0.091 Ti0.182 V0.182 Zr0.182,BCC+Laves+Sec.,CAST,other,,,7.3,,C,25.0,1540.0,1643.0,16.8,,,94.0,,,,10.4028/www.scientific.net/MSF.849.76,2016.0,Microstructure and Mechanical Properties of a New Refractory HfNbSisub0.5/subTiVZr High Entropy Alloy,10.4028.www.scientific.net.MSF.849.76,Hf0.182Nb0.182Si0.091Ti0.182V0.182Zr0.182,HfNbSi0.5TiVZr,BCC+Silicide,LEVITATION MELTING,other,,7.75,464.0,COMPRESSION,296.0,1540.0,,,16.8,,,,,10.4028.www.scientific.net.MSF.849.76,Hf0.182Nb0.182Si0.091Ti0.182V0.182Zr0.182
1157,1,133.0,423.0,0.5,10.4028.www.scientific.net.MSF.849.76,78.0,Hf0.182 Nb0.182 Si0.091 Ti0.182 V0.182 Zr0.182,BCC+Laves+Sec.,ANNEAL,other,,,7.3,,C,25.0,1483.0,1611.0,9.5,,,94.0,,,,10.4028/www.scientific.net/MSF.849.76,2016.0,Microstructure and Mechanical Properties of a New Refractory HfNbSisub0.5/subTiVZr High Entropy Alloy,10.4028.www.scientific.net.MSF.849.76,Hf0.182Nb0.182Si0.091Ti0.182V0.182Zr0.182,HfNbSi0.5TiVZr,BCC+Silicide,LEVITATION MELTING + ANNEALED,other,,7.75,496.0,COMPRESSION,296.0,1483.0,,,9.5,,,,,10.4028.www.scientific.net.MSF.849.76,Hf0.182Nb0.182Si0.091Ti0.182V0.182Zr0.182
1163,0,383.0,824.0,0.5,10.4028.www.scientific.net.MSF.898.638,86.0,Mo0.25 Ta0.25 Ti0.25 V0.25,BCC,CAST,BCC,,,9.4,,C,25.0,1221.0,1454.0,,,,190.0,,,,10.4028/www.scientific.net/MSF.898.638,2017.0,Microstructure and Mechanical Properties of VTaTiMoAlsubx/sub Refractory High Entropy Alloys,10.4028.www.scientific.net.MSF.898.638,Mo0.25Ta0.25Ti0.25V0.25,VTaTiMoAl0,equiaxial dendritic-like grains,vacuum arc melting,BCC,,,433.2,compression,,1221,,,9.93,,,,,10.4028.www.scientific.net.MSF.898.638,Mo0.25Ta0.25Ti0.25V0.25
1164,1,384.0,11.0,0.5,10.4028.www.scientific.net.MSF.898.638,86.0,Al0.048 Mo0.238 Ta0.238 Ti0.238 V0.238,BCC,CAST,BCC,,,9.1,,C,25.0,1021.0,1249.0,,,,184.0,,,,10.4028/www.scientific.net/MSF.898.638,2017.0,Microstructure and Mechanical Properties of VTaTiMoAlsubx/sub Refractory High Entropy Alloys,10.4028.www.scientific.net.MSF.898.638,Al0.048Mo0.238Ta0.238Ti0.238V0.238,VTaTiMoAl0.2,dendrite and inter-dendrite,vacuum arc melting,BCC,,,450.0,compression,,1021,,,6.81,,,,,10.4028.www.scientific.net.MSF.898.638,Al0.048Mo0.238Ta0.238Ti0.238V0.238
1165,2,385.0,120.0,0.5,10.4028.www.scientific.net.MSF.898.638,86.0,Al0.13 Mo0.217 Ta0.217 Ti0.217 V0.217,BCC,CAST,BCC,,,8.5,,C,25.0,962.0,1033.0,,,,174.0,,,,10.4028/www.scientific.net/MSF.898.638,2017.0,Microstructure and Mechanical Properties of VTaTiMoAlsubx/sub Refractory High Entropy Alloys,10.4028.www.scientific.net.MSF.898.638,Al0.13Mo0.217Ta0.217Ti0.217V0.217,VTaTiMoAl0.6,dendrite and inter-dendrite,vacuum arc melting,BCC,,,483.3,compression,,962,,,4.2,,,,,10.4028.www.scientific.net.MSF.898.638,Al0.13Mo0.217Ta0.217Ti0.217V0.217
